Aircraft,Make,Event.Date,Total.Fatal.Injuries,Total.Serious.Injuries,Total.Minor.Injuries,Total.Uninjured
BOEING 737,BOEING,1985-11-03,0.0,0.0,1.0,58.0
BOEING 737,BOEING,1987-08-11,0.0,0.0,0.0,46.0
BOEING 737,BOEING,1987-09-18,0.0,0.0,6.0,74.0
BOEING 737,BOEING,1988-03-10,0.0,0.0,0.0,159.0
BOEING 737,BOEING,1988-03-10,0.0,0.0,0.0,159.0
BOEING 737,BOEING,1988-03-18,0.0,0.0,0.0,123.0
BOEING 737,BOEING,1988-06-26,0.0,0.0,0.0,106.0
BOEING 737,BOEING,1997-02-15,0.0,0.0,0.0,63.0
BOEING 737,BOEING,1998-03-24,0.0,0.0,0.0,0.0
BOEING 737,BOEING,1998-12-08,0.0,0.0,0.0,52.0
BOEING 737,BOEING,1999-05-25,0.0,0.0,0.0,76.0
BOEING 737,BOEING,2002-02-11,0.0,0.0,0.0,0.0
BOEING 737,BOEING,2003-10-04,0.0,0.0,0.0,76.0
BOEING 737,BOEING,2004-05-19,0.0,0.0,0.0,0.0
BOEING 737,BOEING,2006-02-13,0.0,0.0,0.0,0.0
BOEING 737,BOEING,2006-09-12,0.0,0.0,0.0,0.0
BOEING 737,BOEING,2007-07-05,0.0,0.0,0.0,58.0
BOEING 737,BOEING,2007-09-23,0.0,0.0,0.0,0.0
BOEING 737,BOEING,2008-02-03,0.0,0.0,0.0,0.0
BOEING 737,BOEING,2008-06-27,0.0,0.0,0.0,0.0
BOEING 737,BOEING,2008-07-23,0.0,0.0,0.0,0.0
BOEING 737,BOEING,2008-08-24,65.0,65.0,0.0,0.0
BOEING 737,BOEING,2008-10-01,0.0,0.0,0.0,133.0
BOEING 737,BOEING,2008-10-16,0.0,0.0,0.0,55.0
BOEING 737,BOEING,2008-10-18,0.0,0.0,0.0,189.0
BOEING 737,BOEING,2008-10-28,0.0,0.0,0.0,0.0
BOEING 737,BOEING,2008-12-31,0.0,0.0,0.0,0.0
BOEING 737,BOEING,2009-01-12,0.0,0.0,0.0,4.0
BOEING 737,BOEING,2009-02-27,0.0,0.0,0.0,131.0
BOEING 737,BOEING,2009-04-27,0.0,0.0,0.0,112.0
BOEING 737,BOEING,2009-04-29,7.0,7.0,0.0,0.0
BOEING 737,BOEING,2009-05-02,0.0,0.0,0.0,0.0
BOEING 737,BOEING,2009-05-13,0.0,0.0,0.0,51.0
BOEING 737,BOEING,2009-06-12,0.0,0.0,0.0,0.0
BOEING 737,BOEING,2009-06-14,0.0,0.0,0.0,0.0
BOEING 737,BOEING,2009-07-13,0.0,0.0,0.0,131.0
BOEING 737,BOEING,2009-07-17,0.0,0.0,1.0,2.0
BOEING 737,BOEING,2009-08-10,0.0,0.0,0.0,153.0
BOEING 737,BOEING,2009-08-21,0.0,0.0,0.0,2.0
BOEING 737,BOEING,2009-09-08,0.0,0.0,0.0,142.0
BOEING 737,BOEING,2009-09-24,0.0,0.0,0.0,2.0
BOEING 737,BOEING,2009-09-29,0.0,0.0,0.0,171.0
BOEING 737,BOEING,2009-10-02,0.0,0.0,0.0,149.0
BOEING 737,BOEING,2009-10-19,0.0,0.0,0.0,102.0
BOEING 737,BOEING,2009-10-19,0.0,0.0,0.0,0.0
BOEING 737,BOEING,2009-10-22,0.0,0.0,0.0,6.0
BOEING 737,BOEING,2009-10-30,0.0,0.0,0.0,56.0
BOEING 737,BOEING,2010-01-03,0.0,0.0,0.0,0.0
BOEING 737,BOEING,2010-01-04,0.0,0.0,0.0,148.0
BOEING 737,BOEING,2010-01-19,0.0,0.0,0.0,209.0
BOEING 737,BOEING,2010-01-25,90.0,90.0,0.0,0.0
BOEING 737,BOEING,2010-02-08,0.0,0.0,0.0,0.0
BOEING 737,BOEING,2010-02-13,0.0,0.0,0.0,125.0
BOEING 737,BOEING,2010-03-01,0.0,0.0,0.0,146.0
BOEING 737,BOEING,2010-04-13,0.0,0.0,0.0,0.0
BOEING 737,BOEING,2010-05-08,0.0,0.0,0.0,0.0
BOEING 737,BOEING,2010-05-22,158.0,158.0,7.0,1.0
BOEING 737,BOEING,2010-06-06,0.0,0.0,0.0,162.0
BOEING 737,BOEING,2010-06-07,0.0,0.0,1.0,167.0
BOEING 737,BOEING,2010-06-19,0.0,0.0,0.0,5.0
BOEING 737,BOEING,2010-07-22,0.0,0.0,0.0,96.0
BOEING 737,BOEING,2010-07-23,0.0,0.0,0.0,6.0
BOEING 737,BOEING,2010-08-16,1.0,1.0,17.0,42.0
BOEING 737,BOEING,2010-08-20,0.0,0.0,0.0,6.0
BOEING 737,BOEING,2010-08-23,0.0,0.0,1.0,0.0
BOEING 737,BOEING,2010-09-20,0.0,0.0,0.0,6.0
BOEING 737,BOEING,2010-10-02,0.0,0.0,0.0,173.0
BOEING 737,BOEING,2010-10-29,0.0,0.0,0.0,142.0
BOEING 737,BOEING,2010-11-04,0.0,0.0,0.0,0.0
BOEING 737,BOEING,2010-12-13,0.0,0.0,0.0,132.0
BOEING 737,BOEING,2010-12-25,0.0,0.0,0.0,122.0
BOEING 737,BOEING,2011-01-10,0.0,0.0,0.0,2.0
BOEING 737,BOEING,2011-01-14,0.0,0.0,0.0,0.0
BOEING 737,BOEING,2011-02-14,0.0,0.0,0.0,216.0
BOEING 737,BOEING,2011-02-15,0.0,0.0,0.0,226.0
BOEING 737,BOEING,2011-02-21,0.0,0.0,0.0,110.0
BOEING 737,BOEING,2011-03-13,0.0,0.0,0.0,0.0
BOEING 737,BOEING,2011-04-01,0.0,0.0,0.0,120.0
BOEING 737,BOEING,2011-04-18,0.0,0.0,0.0,0.0
BOEING 737,BOEING,2011-04-25,0.0,0.0,0.0,0.0
BOEING 737,BOEING,2011-05-06,0.0,0.0,0.0,2.0
BOEING 737,BOEING,2011-05-14,0.0,0.0,0.0,0.0
BOEING 737,BOEING,2011-05-21,0.0,0.0,0.0,2.0
BOEING 737,BOEING,2011-05-26,0.0,0.0,0.0,5.0
BOEING 737,BOEING,2011-07-11,0.0,0.0,1.0,0.0
BOEING 737,BOEING,2011-07-21,0.0,0.0,0.0,0.0
BOEING 737,BOEING,2011-07-26,0.0,0.0,0.0,144.0
BOEING 737,BOEING,2011-07-30,0.0,0.0,1.0,161.0
BOEING 737,BOEING,2011-08-20,0.0,0.0,0.0,0.0
BOEING 737,BOEING,2011-09-06,0.0,0.0,0.0,115.0
BOEING 737,BOEING,2011-09-10,0.0,0.0,0.0,136.0
BOEING 737,BOEING,2011-10-10,0.0,0.0,0.0,0.0
BOEING 737,BOEING,2011-12-04,0.0,0.0,0.0,0.0
BOEING 737,BOEING,2011-12-20,0.0,0.0,0.0,133.0
BOEING 737,BOEING,2012-01-09,0.0,0.0,0.0,118.0
BOEING 737,BOEING,2012-02-06,0.0,0.0,0.0,175.0
BOEING 737,BOEING,2012-02-07,0.0,0.0,0.0,131.0
BOEING 737,BOEING,2012-02-11,0.0,0.0,0.0,0.0
BOEING 737,BOEING,2012-04-04,0.0,0.0,0.0,122.0
BOEING 737,BOEING,2012-04-04,0.0,0.0,0.0,127.0
BOEING 737,BOEING,2012-04-20,127.0,127.0,0.0,0.0
BOEING 737,BOEING,2012-04-22,0.0,0.0,0.0,171.0
BOEING 737,BOEING,2012-05-08,0.0,0.0,0.0,0.0
BOEING 737,BOEING,2012-05-19,0.0,0.0,0.0,0.0
BOEING 737,BOEING,2012-06-01,0.0,0.0,0.0,173.0
BOEING 737,BOEING,2012-06-20,0.0,0.0,0.0,0.0
BOEING 737,BOEING,2012-07-05,0.0,0.0,1.0,85.0
BOEING 737,BOEING,2012-07-18,0.0,0.0,0.0,120.0
BOEING 737,BOEING,2012-07-30,0.0,0.0,0.0,145.0
BOEING 737,BOEING,2012-09-03,0.0,0.0,0.0,192.0
BOEING 737,BOEING,2012-09-05,0.0,0.0,0.0,0.0
BOEING 737,BOEING,2012-09-13,0.0,0.0,0.0,0.0
BOEING 737,BOEING,2012-10-13,0.0,0.0,0.0,0.0
BOEING 737,BOEING,2012-10-14,0.0,0.0,2.0,195.0
BOEING 737,BOEING,2012-10-17,0.0,0.0,0.0,0.0
BOEING 737,BOEING,2012-10-19,0.0,0.0,0.0,189.0
BOEING 737,BOEING,2012-10-19,0.0,0.0,0.0,160.0
BOEING 737,BOEING,2012-10-24,0.0,0.0,0.0,78.0
BOEING 737,BOEING,2012-10-24,0.0,0.0,0.0,0.0
BOEING 737,BOEING,2012-11-01,0.0,0.0,0.0,0.0
BOEING 737,BOEING,2012-11-24,0.0,0.0,0.0,116.0
BOEING 737,BOEING,2012-12-04,0.0,0.0,0.0,0.0
BOEING 737,BOEING,2012-12-08,0.0,0.0,0.0,167.0
BOEING 737,BOEING,2013-01-04,0.0,0.0,0.0,0.0
BOEING 737,BOEING,2013-01-23,0.0,0.0,0.0,97.0
BOEING 737,BOEING,2013-02-03,0.0,0.0,0.0,193.0
BOEING 737,BOEING,2013-02-05,0.0,0.0,0.0,52.0
BOEING 737,BOEING,2013-02-11,0.0,0.0,0.0,107.0
BOEING 737,BOEING,2013-02-25,0.0,0.0,0.0,0.0
BOEING 737,BOEING,2013-03-02,0.0,0.0,0.0,63.0
BOEING 737,BOEING,2013-03-06,0.0,0.0,0.0,0.0
BOEING 737,BOEING,2013-03-08,0.0,0.0,0.0,0.0
BOEING 737,BOEING,2013-03-12,0.0,0.0,0.0,185.0
BOEING 737,BOEING,2013-03-27,0.0,0.0,0.0,176.0
BOEING 737,BOEING,2013-04-05,0.0,0.0,0.0,0.0
BOEING 737,BOEING,2013-04-13,0.0,0.0,0.0,88.0
BOEING 737,BOEING,2013-07-31,0.0,0.0,1.0,130.0
BOEING 737,BOEING,2013-07-31,0.0,0.0,0.0,0.0
BOEING 737,BOEING,2013-08-22,0.0,0.0,0.0,0.0
BOEING 737,BOEING,2013-08-30,0.0,0.0,0.0,0.0
BOEING 737,BOEING,2013-09-01,0.0,0.0,0.0,0.0
BOEING 737,BOEING,2013-11-07,0.0,0.0,0.0,175.0
BOEING 737,BOEING,2013-11-08,0.0,0.0,0.0,0.0
BOEING 737,BOEING,2014-01-04,0.0,0.0,0.0,180.0
BOEING 737,BOEING,2014-01-16,0.0,0.0,0.0,0.0
BOEING 737,BOEING,2014-02-17,0.0,0.0,2.0,107.0
BOEING 737,BOEING,2014-08-20,0.0,0.0,0.0,0.0
BOEING 737,BOEING,2014-09-18,0.0,0.0,0.0,0.0
BOEING 737,BOEING,2014-12-13,0.0,0.0,0.0,145.0
BOEING 737,BOEING,2014-12-30,0.0,0.0,0.0,0.0
BOEING 737,BOEING,2015-01-10,0.0,0.0,0.0,0.0
BOEING 737,BOEING,2015-03-25,0.0,0.0,0.0,0.0
BOEING 737,BOEING,2015-06-12,0.0,0.0,0.0,0.0
BOEING 737,BOEING,2015-06-30,0.0,0.0,0.0,0.0
BOEING 737,BOEING,2015-07-16,0.0,0.0,0.0,0.0
BOEING 737,BOEING,2015-07-23,0.0,0.0,0.0,139.0
BOEING 737,BOEING,2015-08-05,0.0,0.0,0.0,148.0
BOEING 737,BOEING,2015-08-18,0.0,0.0,0.0,0.0
BOEING 737,BOEING,2015-09-05,7.0,7.0,0.0,112.0
BOEING 737,BOEING,2015-09-14,0.0,0.0,0.0,188.0
BOEING 737,BOEING,2015-10-20,0.0,0.0,0.0,0.0
BOEING 737,BOEING,2015-10-23,0.0,0.0,0.0,133.0
BOEING 737,BOEING,2015-10-26,0.0,0.0,0.0,102.0
BOEING 737,BOEING,2015-11-02,0.0,0.0,0.0,185.0
BOEING 737,BOEING,2015-11-02,0.0,0.0,0.0,0.0
BOEING 737,BOEING,2015-11-03,0.0,0.0,0.0,121.0
BOEING 737,BOEING,2015-11-22,0.0,0.0,0.0,160.0
BOEING 737,BOEING,2015-11-27,0.0,0.0,0.0,0.0
BOEING 737,BOEING,2015-12-03,0.0,0.0,0.0,180.0
BOEING 737,BOEING,2015-12-06,0.0,0.0,0.0,0.0
BOEING 737,BOEING,2015-12-19,0.0,0.0,0.0,153.0
BOEING 737,BOEING,2015-12-23,0.0,0.0,0.0,158.0
BOEING 737,BOEING,2016-01-07,0.0,0.0,0.0,116.0
BOEING 737,BOEING,2016-01-07,0.0,0.0,0.0,0.0
BOEING 737,BOEING,2016-01-16,0.0,0.0,0.0,0.0
BOEING 737,BOEING,2016-02-11,0.0,0.0,0.0,0.0
BOEING 737,BOEING,2016-02-17,0.0,0.0,0.0,155.0
BOEING 737,BOEING,2016-02-20,0.0,0.0,0.0,0.0
BOEING 737,BOEING,2016-02-23,0.0,0.0,1.0,162.0
BOEING 737,BOEING,2016-02-24,0.0,0.0,0.0,100.0
BOEING 737,BOEING,2016-03-03,0.0,0.0,0.0,128.0
BOEING 737,BOEING,2016-03-05,0.0,0.0,0.0,0.0
BOEING 737,BOEING,2016-03-12,0.0,0.0,0.0,0.0
BOEING 737,BOEING,2016-03-19,62.0,62.0,0.0,0.0
BOEING 737,BOEING,2016-03-20,0.0,0.0,0.0,0.0
BOEING 737,BOEING,2016-03-20,0.0,0.0,0.0,0.0
BOEING 737,BOEING,2016-04-04,0.0,0.0,0.0,51.0
BOEING 737,BOEING,2016-04-10,0.0,0.0,0.0,202.0
BOEING 737,BOEING,2016-04-23,0.0,0.0,0.0,0.0
BOEING 737,BOEING,2016-04-27,0.0,0.0,0.0,0.0
BOEING 737,BOEING,2016-05-02,0.0,0.0,0.0,151.0
BOEING 737,BOEING,2016-05-03,0.0,0.0,0.0,111.0
BOEING 737,BOEING,2016-05-09,0.0,0.0,0.0,0.0
BOEING 737,BOEING,2016-05-27,0.0,0.0,0.0,169.0
BOEING 737,BOEING,2016-06-04,0.0,0.0,0.0,0.0
BOEING 737,BOEING,2016-06-08,0.0,0.0,0.0,0.0
BOEING 737,BOEING,2016-06-17,0.0,0.0,0.0,0.0
BOEING 737,BOEING,2016-06-26,0.0,0.0,1.0,177.0
BOEING 737,BOEING,2016-07-12,0.0,0.0,0.0,150.0
BOEING 737,BOEING,2016-07-31,0.0,0.0,0.0,155.0
BOEING 737,BOEING,2016-08-02,0.0,0.0,0.0,7.0
BOEING 737,BOEING,2016-08-05,0.0,0.0,0.0,0.0
BOEING 737,BOEING,2016-09-13,0.0,0.0,0.0,3.0
BOEING 737,BOEING,2016-09-23,0.0,0.0,3.0,0.0
BOEING 737,BOEING,2016-10-04,0.0,0.0,0.0,0.0
BOEING 737,BOEING,2016-10-10,0.0,0.0,0.0,108.0
BOEING 737,BOEING,2016-11-09,0.0,0.0,0.0,0.0
BOEING 737,BOEING,2016-12-02,0.0,0.0,0.0,200.0
BOEING 737,BOEING,2016-12-06,0.0,0.0,0.0,0.0
BOEING 737,BOEING,2016-12-12,0.0,0.0,0.0,2.0
BOEING 737,BOEING,2016-12-12,0.0,0.0,0.0,0.0
BOEING 737,BOEING,2016-12-17,0.0,0.0,0.0,0.0
BOEING 737,BOEING,2016-12-25,0.0,0.0,0.0,0.0
BOEING 737,BOEING,2016-12-27,0.0,0.0,0.0,151.0
BOEING 737,BOEING,2016-12-29,0.0,0.0,0.0,0.0
BOEING 737,BOEING,2016-12-29,0.0,0.0,0.0,0.0
BOEING 737,BOEING,2016-12-30,0.0,0.0,0.0,0.0
BOEING 737,BOEING,2017-01-06,0.0,0.0,0.0,0.0
BOEING 737,BOEING,2017-01-14,0.0,0.0,0.0,0.0
BOEING 737,BOEING,2017-01-22,0.0,0.0,0.0,2.0
BOEING 737,BOEING,2017-01-28,0.0,0.0,0.0,4.0
BOEING 737,BOEING,2017-02-01,0.0,0.0,0.0,126.0
BOEING 737,BOEING,2017-02-03,0.0,0.0,0.0,2.0
BOEING 737,BOEING,2017-02-13,0.0,0.0,0.0,0.0
BOEING 737,BOEING,2017-02-17,0.0,0.0,0.0,0.0
BOEING 737,BOEING,2017-03-07,0.0,0.0,0.0,0.0
BOEING 737,BOEING,2017-03-27,0.0,0.0,0.0,185.0
BOEING 737,BOEING,2017-03-28,0.0,0.0,0.0,150.0
BOEING 737,BOEING,2017-04-08,0.0,0.0,0.0,0.0
BOEING 737,BOEING,2017-04-11,0.0,0.0,0.0,0.0
BOEING 737,BOEING,2017-04-20,0.0,0.0,0.0,0.0
BOEING 737,BOEING,2017-04-28,0.0,0.0,0.0,141.0
BOEING 737,BOEING,2017-05-14,0.0,0.0,0.0,0.0
BOEING 737,BOEING,2017-05-25,0.0,0.0,0.0,0.0
BOEING 737,BOEING,2017-06-03,0.0,0.0,0.0,0.0
BOEING 737,BOEING,2017-06-04,0.0,0.0,0.0,0.0
BOEING 737,BOEING,2017-06-06,0.0,0.0,0.0,0.0
BOEING 737,BOEING,2017-06-13,0.0,0.0,0.0,67.0
BOEING 737,BOEING,2017-06-29,0.0,0.0,0.0,0.0
BOEING 737,BOEING,2017-07-05,0.0,0.0,0.0,0.0
BOEING 737,BOEING,2017-07-11,0.0,0.0,0.0,0.0
BOEING 737,BOEING,2017-07-18,0.0,0.0,0.0,0.0
BOEING 737,BOEING,2017-07-25,0.0,0.0,0.0,0.0
BOEING 737,BOEING,2017-08-01,0.0,0.0,0.0,146.0
BOEING 737,BOEING,2017-08-03,0.0,0.0,0.0,0.0
BOEING 737,BOEING,2017-08-08,0.0,0.0,0.0,0.0
BOEING 737,BOEING,2017-08-10,0.0,0.0,0.0,164.0
BOEING 737,BOEING,2017-08-23,0.0,0.0,0.0,0.0
BOEING 737,BOEING,2017-09-03,0.0,0.0,0.0,0.0
BOEING 737,BOEING,2017-09-05,0.0,0.0,0.0,105.0
BOEING 737,BOEING,2017-09-06,0.0,0.0,0.0,0.0
BOEING 737,BOEING,2017-09-11,0.0,0.0,0.0,0.0
BOEING 737,BOEING,2017-09-13,0.0,0.0,1.0,0.0
BOEING 737,BOEING,2017-09-13,0.0,0.0,0.0,0.0
BOEING 737,BOEING,2017-09-17,0.0,0.0,0.0,132.0
BOEING 737,BOEING,2017-09-19,0.0,0.0,0.0,189.0
BOEING 737,BOEING,2017-09-19,0.0,0.0,0.0,0.0
BOEING 737,BOEING,2017-09-28,0.0,0.0,0.0,142.0
BOEING 737,BOEING,2017-09-29,0.0,0.0,0.0,0.0
BOEING 737,BOEING,2017-10-13,0.0,0.0,0.0,0.0
BOEING 737,BOEING,2017-10-22,0.0,0.0,1.0,0.0
BOEING 737,BOEING,2017-11-16,0.0,0.0,0.0,0.0
BOEING 737,BOEING,2017-11-19,0.0,0.0,0.0,86.0
BOEING 737,BOEING,2017-11-20,0.0,0.0,0.0,0.0
BOEING 737,BOEING,2017-11-22,0.0,0.0,0.0,125.0
BOEING 737,BOEING,2017-11-23,0.0,0.0,0.0,0.0
BOEING 737,BOEING,2017-12-13,0.0,0.0,0.0,73.0
BOEING 737,BOEING,2018-01-05,0.0,0.0,0.0,0.0
BOEING 737,BOEING,2018-01-10,0.0,0.0,0.0,0.0
BOEING 737,BOEING,2018-01-13,0.0,0.0,0.0,0.0
BOEING 737,BOEING,2018-01-17,0.0,0.0,0.0,0.0
BOEING 737,BOEING,2018-01-25,0.0,0.0,0.0,99.0
BOEING 737,BOEING,2018-02-05,0.0,0.0,0.0,0.0
BOEING 737,BOEING,2018-02-18,0.0,0.0,0.0,174.0
BOEING 737,BOEING,2018-03-04,0.0,0.0,0.0,0.0
BOEING 737,BOEING,2018-04-05,0.0,0.0,0.0,0.0
BOEING 737,BOEING,2018-04-06,0.0,0.0,0.0,173.0
BOEING 737,BOEING,2018-04-09,0.0,0.0,0.0,0.0
BOEING 737,BOEING,2018-04-11,0.0,0.0,0.0,6.0
BOEING 737,BOEING,2018-04-12,0.0,0.0,0.0,48.0
BOEING 737,BOEING,2018-04-18,0.0,0.0,0.0,115.0
BOEING 737,BOEING,2018-04-28,0.0,0.0,0.0,0.0
BOEING 737,BOEING,2018-04-29,0.0,0.0,0.0,0.0
BOEING 737,BOEING,2018-04-30,0.0,0.0,0.0,0.0
BOEING 737,BOEING,2018-05-02,0.0,0.0,0.0,5.0
BOEING 737,BOEING,2018-05-04,0.0,0.0,0.0,0.0
BOEING 737,BOEING,2018-05-05,0.0,0.0,0.0,0.0
BOEING 737,BOEING,2018-05-18,112.0,112.0,1.0,0.0
BOEING 737,BOEING,2018-06-10,0.0,0.0,0.0,0.0
BOEING 737,BOEING,2018-06-12,0.0,0.0,0.0,106.0
BOEING 737,BOEING,2018-06-26,0.0,0.0,0.0,157.0
BOEING 737,BOEING,2018-07-11,0.0,0.0,0.0,34.0
BOEING 737,BOEING,2018-07-13,0.0,0.0,0.0,0.0
BOEING 737,BOEING,2018-07-16,0.0,0.0,0.0,142.0
BOEING 737,BOEING,2018-07-16,0.0,0.0,0.0,71.0
BOEING 737,BOEING,2018-07-28,0.0,0.0,0.0,0.0
BOEING 737,BOEING,2018-08-01,0.0,0.0,0.0,0.0
BOEING 737,BOEING,2018-08-15,0.0,0.0,0.0,0.0
BOEING 737,BOEING,2018-08-16,0.0,0.0,0.0,0.0
BOEING 737,BOEING,2018-08-18,0.0,0.0,0.0,0.0
BOEING 737,BOEING,2018-08-20,0.0,0.0,0.0,0.0
BOEING 737,BOEING,2018-09-01,0.0,0.0,0.0,166.0
BOEING 737,BOEING,2018-09-10,0.0,0.0,0.0,0.0
BOEING 737,BOEING,2018-09-11,0.0,0.0,1.0,2.0
BOEING 737,BOEING,2018-09-12,0.0,0.0,0.0,0.0
BOEING 737,BOEING,2018-09-20,0.0,0.0,0.0,173.0
BOEING 737,BOEING,2018-09-26,0.0,0.0,0.0,173.0
BOEING 737,BOEING,2018-09-28,1.0,1.0,4.0,31.0
BOEING 737,BOEING,2018-09-28,0.0,0.0,0.0,0.0
BOEING 737,BOEING,2018-10-02,0.0,0.0,0.0,179.0
BOEING 737,BOEING,2018-10-09,0.0,0.0,0.0,0.0
BOEING 737,BOEING,2018-10-11,0.0,0.0,1.0,121.0
BOEING 737,BOEING,2018-10-12,0.0,0.0,0.0,0.0
BOEING 737,BOEING,2018-10-12,0.0,0.0,0.0,0.0
BOEING 737,BOEING,2018-10-12,0.0,0.0,0.0,0.0
BOEING 737,BOEING,2018-10-15,0.0,0.0,1.0,142.0
BOEING 737,BOEING,2018-10-19,0.0,0.0,0.0,0.0
BOEING 737,BOEING,2018-10-29,188.0,188.0,0.0,0.0
BOEING 737,BOEING,2018-11-05,0.0,0.0,0.0,0.0
BOEING 737,BOEING,2018-11-17,0.0,0.0,0.0,150.0
BOEING 737,BOEING,2018-11-22,0.0,0.0,0.0,127.0
BOEING 737,BOEING,2018-11-25,0.0,0.0,0.0,0.0
BOEING 737,BOEING,2018-11-28,0.0,0.0,0.0,44.0
BOEING 737,BOEING,2018-12-03,0.0,0.0,1.0,146.0
BOEING 737,BOEING,2018-12-06,0.0,0.0,0.0,117.0
BOEING 737,BOEING,2018-12-12,0.0,0.0,0.0,0.0
BOEING 737,BOEING,2019-01-03,0.0,0.0,0.0,119.0
BOEING 737,BOEING,2019-01-21,0.0,0.0,0.0,0.0
BOEING 737,BOEING,2019-01-29,0.0,0.0,0.0,0.0
BOEING 737,BOEING,2019-02-05,0.0,0.0,1.0,117.0
BOEING 737,BOEING,2019-02-10,0.0,0.0,0.0,185.0
BOEING 737,BOEING,2019-02-13,0.0,0.0,0.0,0.0
BOEING 737,BOEING,2019-02-16,0.0,0.0,0.0,0.0
BOEING 737,BOEING,2019-02-18,0.0,0.0,1.0,143.0
BOEING 737,BOEING,2019-02-21,0.0,0.0,0.0,181.0
BOEING 737,BOEING,2019-02-21,0.0,0.0,0.0,0.0
BOEING 737,BOEING,2019-02-26,0.0,0.0,0.0,0.0
BOEING 737,BOEING,2019-03-10,157.0,157.0,0.0,0.0
BOEING 737,BOEING,2019-03-11,0.0,0.0,0.0,406.0
BOEING 737,BOEING,2019-03-15,0.0,0.0,0.0,0.0
BOEING 737,BOEING,2019-03-24,0.0,0.0,0.0,0.0
BOEING 737,BOEING,2019-03-26,0.0,0.0,0.0,0.0
BOEING 737,BOEING,2019-03-28,0.0,0.0,0.0,0.0
BOEING 737,BOEING,2019-04-12,0.0,0.0,1.0,107.0
BOEING 737,BOEING,2019-04-26,0.0,0.0,0.0,0.0
BOEING 737,BOEING,2019-05-02,0.0,0.0,1.0,185.0
BOEING 737,BOEING,2019-05-04,0.0,0.0,0.0,142.0
BOEING 737,BOEING,2019-05-13,0.0,0.0,1.0,82.0
BOEING 737,BOEING,2019-06-04,0.0,0.0,0.0,2.0
BOEING 737,BOEING,2019-06-05,0.0,0.0,0.0,0.0
BOEING 737,BOEING,2019-06-09,0.0,0.0,0.0,0.0
BOEING 737,BOEING,2019-06-15,0.0,0.0,0.0,113.0
BOEING 737,BOEING,2019-06-18,0.0,0.0,0.0,0.0
BOEING 737,BOEING,2019-06-20,0.0,0.0,0.0,122.0
BOEING 737,BOEING,2019-06-30,0.0,0.0,0.0,0.0
BOEING 737,BOEING,2019-07-02,0.0,0.0,0.0,0.0
BOEING 737,BOEING,2019-07-11,0.0,0.0,0.0,156.0
BOEING 737,BOEING,2019-07-12,0.0,0.0,0.0,0.0
BOEING 737,BOEING,2019-08-03,0.0,0.0,0.0,99.0
BOEING 737,BOEING,2019-08-06,0.0,0.0,0.0,0.0
BOEING 737,BOEING,2019-08-20,0.0,0.0,0.0,0.0
BOEING 737,BOEING,2019-08-31,0.0,0.0,0.0,133.0
BOEING 737,BOEING,2019-09-02,0.0,0.0,0.0,0.0
BOEING 737,BOEING,2019-09-11,0.0,0.0,0.0,0.0
BOEING 737,BOEING,2019-10-15,0.0,0.0,0.0,0.0
BOEING 737,BOEING,2019-10-27,0.0,0.0,0.0,0.0
BOEING 737,BOEING,2019-10-31,0.0,0.0,0.0,0.0
BOEING 737,BOEING,2019-11-14,0.0,0.0,0.0,0.0
BOEING 737,BOEING,2019-11-21,0.0,0.0,0.0,0.0
BOEING 737,BOEING,2019-11-23,0.0,0.0,0.0,93.0
BOEING 737,BOEING,2019-12-06,0.0,0.0,0.0,0.0
BOEING 737,BOEING,2019-12-19,0.0,0.0,1.0,184.0
BOEING 737,BOEING,2019-12-22,0.0,0.0,0.0,0.0
BOEING 737,BOEING,2019-12-24,0.0,0.0,0.0,0.0
BOEING 737,BOEING,2020-01-05,0.0,0.0,0.0,178.0
BOEING 737,BOEING,2020-01-08,176.0,176.0,0.0,0.0
BOEING 737,BOEING,2020-01-08,0.0,0.0,0.0,121.0
BOEING 737,BOEING,2020-01-12,0.0,0.0,1.0,173.0
BOEING 737,BOEING,2020-02-03,0.0,0.0,0.0,0.0
BOEING 737,BOEING,2020-02-05,3.0,3.0,19.0,0.0
BOEING 737,BOEING,2020-02-09,0.0,0.0,0.0,100.0
BOEING 737,BOEING,2020-02-09,0.0,0.0,0.0,0.0
BOEING 737,BOEING,2020-02-15,0.0,0.0,1.0,84.0
BOEING 737,BOEING,2020-02-25,0.0,0.0,0.0,4.0
BOEING 737,BOEING,2020-02-27,0.0,0.0,0.0,0.0
BOEING 737,BOEING,2020-02-28,0.0,0.0,0.0,0.0
BOEING 737,BOEING,2020-03-01,0.0,0.0,0.0,0.0
BOEING 737,BOEING,2020-04-12,0.0,0.0,1.0,25.0
BOEING 737,BOEING,2020-05-19,0.0,0.0,0.0,95.0
BOEING 737,BOEING,2020-06-11,0.0,0.0,0.0,37.0
BOEING 737,BOEING,2020-07-11,0.0,0.0,0.0,0.0
BOEING 737,BOEING,2020-07-14,0.0,0.0,1.0,116.0
BOEING 737,BOEING,2020-07-19,0.0,0.0,0.0,0.0
BOEING 737,BOEING,2020-07-28,0.0,0.0,0.0,3.0
BOEING 737,BOEING,2020-08-07,0.0,0.0,0.0,0.0
BOEING 737,BOEING,2020-08-24,0.0,0.0,0.0,0.0
BOEING 737,BOEING,2020-08-29,0.0,0.0,0.0,76.0
BOEING 737,BOEING,2020-09-08,0.0,0.0,0.0,0.0
BOEING 737,BOEING,2020-09-12,0.0,0.0,0.0,0.0
BOEING 737,BOEING,2020-10-30,0.0,0.0,0.0,0.0
BOEING 737,BOEING,2020-11-22,0.0,0.0,0.0,0.0
BOEING 737,BOEING,2020-11-27,0.0,0.0,0.0,6.0
BOEING 737,BOEING,2020-12-02,0.0,0.0,0.0,39.0
BOEING 737,BOEING,2020-12-05,0.0,0.0,0.0,2.0
BOEING 737,BOEING,2020-12-25,0.0,0.0,0.0,0.0
BOEING 737,BOEING,2021-01-06,0.0,0.0,0.0,160.0
BOEING 737,BOEING,2021-01-09,62.0,62.0,0.0,0.0
BOEING 737,BOEING,2021-01-19,0.0,0.0,0.0,0.0
BOEING 737,BOEING,2021-01-19,0.0,0.0,0.0,0.0
BOEING 737,BOEING,2021-01-25,0.0,0.0,0.0,0.0
BOEING 737,BOEING,2021-01-26,0.0,0.0,0.0,0.0
BOEING 737,BOEING,2021-01-27,0.0,0.0,0.0,2.0
BOEING 737,BOEING,2021-02-06,0.0,0.0,0.0,0.0
BOEING 737,BOEING,2021-02-20,0.0,0.0,0.0,137.0
BOEING 737,BOEING,2021-03-16,0.0,0.0,0.0,0.0
BOEING 737,BOEING,2021-03-20,0.0,0.0,0.0,4.0
BOEING 737,BOEING,2021-03-27,0.0,0.0,0.0,2.0
BOEING 737,BOEING,2021-04-02,0.0,0.0,0.0,0.0
BOEING 737,BOEING,2021-04-24,0.0,0.0,0.0,65.0
BOEING 737,BOEING,2021-05-13,0.0,0.0,0.0,0.0
BOEING 737,BOEING,2021-05-20,0.0,0.0,0.0,0.0
BOEING 737,BOEING,2021-05-21,0.0,0.0,0.0,214.0
BOEING 737,BOEING,2021-05-27,0.0,0.0,0.0,0.0
BOEING 737,BOEING,2021-05-28,0.0,0.0,0.0,0.0
BOEING 737,BOEING,2021-06-07,0.0,0.0,2.0,111.0
BOEING 737,BOEING,2021-06-16,0.0,0.0,0.0,2.0
BOEING 737,BOEING,2021-06-28,0.0,0.0,0.0,0.0
BOEING 737,BOEING,2021-07-06,0.0,0.0,0.0,2.0
BOEING 737,BOEING,2021-07-07,0.0,0.0,0.0,2.0
BOEING 737,BOEING,2021-07-21,0.0,0.0,0.0,0.0
BOEING 737,BOEING,2021-07-25,0.0,0.0,1.0,184.0
BOEING 737,BOEING,2021-07-31,0.0,0.0,0.0,0.0
BOEING 737,BOEING,2021-08-20,0.0,0.0,0.0,0.0
BOEING 737,BOEING,2021-09-03,0.0,0.0,0.0,0.0
BOEING 737,BOEING,2021-09-13,0.0,0.0,0.0,0.0
BOEING 737,BOEING,2021-09-18,0.0,0.0,0.0,0.0
BOEING 737,BOEING,2021-10-10,0.0,0.0,0.0,0.0
BOEING 737,BOEING,2021-11-03,0.0,0.0,0.0,0.0
BOEING 737,BOEING,2021-11-11,0.0,0.0,0.0,0.0
BOEING 737,BOEING,2021-11-17,0.0,0.0,0.0,0.0
BOEING 737,BOEING,2021-11-18,0.0,0.0,0.0,0.0
BOEING 737,BOEING,2021-11-22,0.0,0.0,0.0,0.0
BOEING 737,BOEING,2021-12-01,0.0,0.0,0.0,0.0
BOEING 737,BOEING,2021-12-10,0.0,0.0,0.0,0.0
BOEING 737,BOEING,2021-12-11,0.0,0.0,0.0,0.0
BOEING 737,BOEING,2021-12-13,0.0,0.0,0.0,203.0
BOEING 737,BOEING,2022-01-04,0.0,0.0,0.0,0.0
BOEING 737,BOEING,2022-01-05,0.0,0.0,0.0,0.0
BOEING 737,BOEING,2022-01-15,0.0,0.0,0.0,51.0
BOEING 737,BOEING,2022-01-15,0.0,0.0,0.0,0.0
BOEING 737,BOEING,2022-02-01,0.0,0.0,0.0,0.0
BOEING 737,BOEING,2022-02-03,0.0,0.0,0.0,0.0
BOEING 737,BOEING,2022-02-10,0.0,0.0,0.0,163.0
BOEING 737,BOEING,2022-03-02,0.0,0.0,0.0,115.0
BOEING 737,BOEING,2022-03-06,0.0,0.0,0.0,0.0
BOEING 737,BOEING,2022-03-07,0.0,0.0,0.0,141.0
BOEING 737,BOEING,2022-03-09,0.0,0.0,0.0,177.0
BOEING 737,BOEING,2022-03-17,0.0,0.0,0.0,0.0
BOEING 737,BOEING,2022-03-21,132.0,132.0,0.0,0.0
BOEING 737,BOEING,2022-03-31,0.0,0.0,0.0,0.0
BOEING 737,BOEING,2022-04-03,0.0,0.0,0.0,0.0
BOEING 737,BOEING,2022-04-26,0.0,0.0,0.0,0.0
BOEING 737,BOEING,2022-04-26,0.0,0.0,0.0,0.0
BOEING 737,BOEING,2022-04-26,0.0,0.0,0.0,0.0
BOEING 737,BOEING,2022-05-06,0.0,0.0,0.0,154.0
BOEING 737,BOEING,2022-05-06,0.0,0.0,0.0,173.0
BOEING 737,BOEING,2022-07-02,0.0,0.0,0.0,0.0
BOEING 737,BOEING,2022-07-16,0.0,0.0,1.0,132.0
BOEING 737,BOEING,2022-07-18,0.0,0.0,0.0,0.0
BOEING 737,BOEING,2022-08-14,0.0,0.0,0.0,4.0
BOEING 737,BOEING,2022-08-15,0.0,0.0,0.0,0.0
BOEING 737,BOEING,2022-09-03,0.0,0.0,0.0,120.0
BOEING 737,BOEING,2022-09-24,0.0,0.0,0.0,0.0
BOEING 737,BOEING,2022-09-25,0.0,0.0,0.0,158.0
BOEING 737,BOEING,2022-10-01,0.0,0.0,0.0,171.0
BOEING 737,BOEING,2022-10-03,0.0,0.0,0.0,105.0
BOEING 737,BOEING,2022-10-06,0.0,0.0,0.0,0.0
BOEING 737,BOEING,2022-10-19,0.0,0.0,0.0,0.0
BOEING 737,BOEING,2022-10-22,0.0,0.0,0.0,0.0
BOEING 737,BOEING,2022-10-24,0.0,0.0,0.0,0.0
BOEING 737,BOEING,2022-10-25,0.0,0.0,0.0,0.0
BOEING 737,BOEING,2022-10-27,0.0,0.0,0.0,182.0
BOEING 737,BOEING,2022-10-30,0.0,0.0,0.0,115.0
BOEING 737,BOEING,2022-11-06,0.0,0.0,0.0,0.0
BOEING 737,BOEING,2022-11-08,0.0,0.0,0.0,0.0
BOEING 737,BOEING,2022-11-21,0.0,0.0,0.0,71.0
BOEING 737,BOEING,2022-11-24,0.0,0.0,0.0,73.0
BOEING 737,BOEING,2022-11-25,0.0,0.0,0.0,140.0
BOEING 737,BOEING,2022-12-05,0.0,0.0,0.0,0.0
BOEING 777,BOEING,1998-07-01,0.0,0.0,0.0,0.0
BOEING 777,BOEING,1998-07-29,0.0,0.0,0.0,1.0
BOEING 777,BOEING,2001-07-08,0.0,0.0,0.0,4.0
BOEING 777,BOEING,2004-07-25,0.0,0.0,0.0,216.0
BOEING 777,BOEING,2004-10-18,0.0,0.0,0.0,0.0
BOEING 777,BOEING,2005-06-23,0.0,0.0,0.0,0.0
BOEING 777,BOEING,2006-04-19,0.0,0.0,4.0,232.0
BOEING 777,BOEING,2006-09-18,0.0,0.0,0.0,0.0
BOEING 777,BOEING,2007-02-23,0.0,0.0,0.0,103.0
BOEING 777,BOEING,2007-11-16,0.0,0.0,0.0,0.0
BOEING 777,BOEING,2008-07-30,0.0,0.0,0.0,0.0
BOEING 777,BOEING,2008-11-26,0.0,0.0,0.0,263.0
BOEING 777,BOEING,2009-01-02,0.0,0.0,0.0,257.0
BOEING 777,BOEING,2009-01-06,0.0,0.0,0.0,332.0
BOEING 777,BOEING,2009-03-04,0.0,0.0,2.0,275.0
BOEING 777,BOEING,2009-09-26,0.0,0.0,0.0,0.0
BOEING 777,BOEING,2010-05-25,0.0,0.0,2.0,209.0
BOEING 777,BOEING,2010-06-15,0.0,0.0,0.0,214.0
BOEING 777,BOEING,2010-07-28,0.0,0.0,0.0,0.0
BOEING 777,BOEING,2010-11-02,0.0,0.0,0.0,0.0
BOEING 777,BOEING,2010-12-06,0.0,0.0,0.0,137.0
BOEING 777,BOEING,2011-01-21,0.0,0.0,0.0,0.0
BOEING 777,BOEING,2011-03-05,0.0,0.0,0.0,0.0
BOEING 777,BOEING,2011-04-17,0.0,0.0,0.0,5.0
BOEING 777,BOEING,2011-05-23,0.0,0.0,0.0,283.0
BOEING 777,BOEING,2011-07-29,0.0,0.0,0.0,319.0
BOEING 777,BOEING,2011-09-12,0.0,0.0,2.0,272.0
BOEING 777,BOEING,2011-10-17,0.0,0.0,1.0,0.0
BOEING 777,BOEING,2011-11-03,0.0,0.0,0.0,129.0
BOEING 777,BOEING,2011-12-02,0.0,0.0,0.0,0.0
BOEING 777,BOEING,2012-01-14,0.0,0.0,0.0,191.0
BOEING 777,BOEING,2012-05-28,0.0,0.0,0.0,0.0
BOEING 777,BOEING,2012-07-02,0.0,0.0,0.0,0.0
BOEING 777,BOEING,2012-09-30,0.0,0.0,0.0,259.0
BOEING 777,BOEING,2012-11-07,0.0,0.0,0.0,203.0
BOEING 777,BOEING,2013-04-28,0.0,0.0,0.0,0.0
BOEING 777,BOEING,2013-05-25,0.0,0.0,0.0,235.0
BOEING 777,BOEING,2013-06-04,0.0,0.0,0.0,245.0
BOEING 777,BOEING,2013-07-02,0.0,0.0,0.0,0.0
BOEING 777,BOEING,2013-08-15,0.0,0.0,0.0,0.0
BOEING 777,BOEING,2014-10-22,0.0,0.0,0.0,0.0
BOEING 777,BOEING,2015-09-16,0.0,0.0,0.0,279.0
BOEING 777,BOEING,2016-01-13,0.0,0.0,0.0,277.0
BOEING 777,BOEING,2016-02-10,0.0,0.0,0.0,0.0
BOEING 777,BOEING,2016-05-27,0.0,0.0,0.0,0.0
BOEING 777,BOEING,2016-06-26,0.0,0.0,0.0,241.0
BOEING 777,BOEING,2016-08-03,0.0,0.0,0.0,300.0
BOEING 777,BOEING,2016-08-30,0.0,0.0,0.0,0.0
BOEING 777,BOEING,2016-09-07,0.0,0.0,0.0,2.0
BOEING 777,BOEING,2016-09-27,0.0,0.0,0.0,0.0
BOEING 777,BOEING,2016-10-09,0.0,0.0,0.0,0.0
BOEING 777,BOEING,2016-12-04,0.0,0.0,5.0,351.0
BOEING 777,BOEING,2016-12-16,0.0,0.0,0.0,0.0
BOEING 777,BOEING,2017-02-11,0.0,0.0,0.0,365.0
BOEING 777,BOEING,2017-03-05,0.0,0.0,0.0,0.0
BOEING 777,BOEING,2017-04-17,0.0,0.0,0.0,358.0
BOEING 777,BOEING,2017-05-23,0.0,0.0,0.0,135.0
BOEING 777,BOEING,2017-08-01,0.0,0.0,3.0,213.0
BOEING 777,BOEING,2017-09-05,0.0,0.0,0.0,0.0
BOEING 777,BOEING,2017-09-23,0.0,0.0,0.0,321.0
BOEING 777,BOEING,2017-10-14,0.0,0.0,0.0,0.0
BOEING 777,BOEING,2017-11-13,0.0,0.0,0.0,0.0
BOEING 777,BOEING,2017-11-28,0.0,0.0,0.0,0.0
BOEING 777,BOEING,2017-11-29,0.0,0.0,0.0,0.0
BOEING 777,BOEING,2018-04-30,0.0,0.0,0.0,352.0
BOEING 777,BOEING,2018-06-29,0.0,0.0,0.0,16.0
BOEING 777,BOEING,2018-08-08,0.0,0.0,0.0,0.0
BOEING 777,BOEING,2018-10-15,0.0,0.0,1.0,0.0
BOEING 777,BOEING,2018-12-11,0.0,0.0,0.0,0.0
BOEING 777,BOEING,2018-12-20,0.0,0.0,0.0,0.0
BOEING 777,BOEING,2019-02-27,0.0,0.0,1.0,217.0
BOEING 777,BOEING,2019-07-03,0.0,0.0,0.0,0.0
BOEING 777,BOEING,2019-07-03,0.0,0.0,0.0,272.0
BOEING 777,BOEING,2019-08-24,0.0,0.0,0.0,0.0
BOEING 777,BOEING,2019-10-20,0.0,0.0,0.0,0.0
BOEING 777,BOEING,2020-01-22,0.0,0.0,0.0,0.0
BOEING 777,BOEING,2020-07-22,0.0,0.0,0.0,0.0
BOEING 777,BOEING,2020-09-30,0.0,0.0,1.0,251.0
BOEING 777,BOEING,2020-10-10,0.0,0.0,0.0,0.0
BOEING 777,BOEING,2020-12-04,0.0,0.0,0.0,0.0
BOEING 777,BOEING,2021-01-17,0.0,0.0,1.0,63.0
BOEING 777,BOEING,2021-02-07,0.0,0.0,0.0,12.0
BOEING 777,BOEING,2021-04-13,0.0,0.0,0.0,0.0
BOEING 777,BOEING,2021-05-11,0.0,0.0,0.0,455.0
BOEING 777,BOEING,2021-06-11,0.0,0.0,0.0,0.0
BOEING 777,BOEING,2021-07-04,0.0,0.0,0.0,0.0
BOEING 777,BOEING,2022-04-05,0.0,0.0,0.0,0.0
BOEING 777,BOEING,2022-06-05,0.0,0.0,0.0,0.0
BOEING 777,BOEING,2022-06-14,0.0,0.0,0.0,183.0
BOEING 777,BOEING,2022-06-18,0.0,0.0,0.0,0.0
BOEING 777,BOEING,2022-07-04,0.0,0.0,0.0,0.0
BOEING 777,BOEING,2022-08-06,0.0,0.0,0.0,2.0
BOEING 777,BOEING,2022-09-28,0.0,0.0,0.0,2.0
BOEING 777,BOEING,2022-10-01,0.0,0.0,0.0,368.0
BOEING 777,BOEING,2022-10-25,0.0,0.0,0.0,0.0
AIRBUS A320,AIRBUS,2006-05-03,113.0,113.0,0.0,0.0
AIRBUS A320,AIRBUS,2006-08-02,0.0,0.0,0.0,0.0
AIRBUS A320,AIRBUS,2008-01-25,0.0,0.0,0.0,107.0
AIRBUS A320,AIRBUS,2008-11-27,7.0,7.0,0.0,0.0
AIRBUS A320,AIRBUS,2009-01-15,0.0,0.0,5.0,150.0
AIRBUS A320,AIRBUS,2009-05-04,0.0,0.0,0.0,150.0
AIRBUS A320,AIRBUS,2009-06-18,0.0,0.0,0.0,89.0
AIRBUS A320,AIRBUS,2009-08-05,0.0,0.0,0.0,0.0
AIRBUS A320,AIRBUS,2009-10-21,0.0,0.0,0.0,152.0
AIRBUS A320,AIRBUS,2009-11-06,0.0,0.0,0.0,0.0
AIRBUS A320,AIRBUS,2010-04-05,0.0,0.0,0.0,140.0
AIRBUS A320,AIRBUS,2010-12-29,0.0,0.0,0.0,0.0
AIRBUS A320,AIRBUS,2011-04-04,0.0,0.0,0.0,109.0
AIRBUS A320,AIRBUS,2011-08-18,0.0,0.0,0.0,0.0
AIRBUS A320,AIRBUS,2011-09-19,0.0,0.0,0.0,0.0
AIRBUS A320,AIRBUS,2012-06-17,0.0,0.0,0.0,154.0
AIRBUS A320,AIRBUS,2012-06-20,0.0,0.0,0.0,0.0
AIRBUS A320,AIRBUS,2014-03-05,0.0,0.0,0.0,359.0
AIRBUS A320,AIRBUS,2015-02-15,0.0,0.0,0.0,0.0
AIRBUS A320,AIRBUS,2015-09-12,0.0,0.0,0.0,0.0
AIRBUS A320,AIRBUS,2016-01-25,0.0,0.0,0.0,0.0
AIRBUS A320,AIRBUS,2016-03-13,0.0,0.0,0.0,0.0
AIRBUS A320,AIRBUS,2016-03-27,0.0,0.0,0.0,99.0
AIRBUS A320,AIRBUS,2016-03-28,0.0,0.0,0.0,115.0
AIRBUS A320,AIRBUS,2016-05-05,0.0,0.0,0.0,0.0
AIRBUS A320,AIRBUS,2016-05-19,66.0,66.0,0.0,0.0
AIRBUS A320,AIRBUS,2016-05-21,0.0,0.0,0.0,0.0
AIRBUS A320,AIRBUS,2016-07-09,0.0,0.0,0.0,0.0
AIRBUS A320,AIRBUS,2016-09-19,0.0,0.0,0.0,0.0
AIRBUS A320,AIRBUS,2016-09-22,0.0,0.0,0.0,0.0
AIRBUS A320,AIRBUS,2017-02-08,0.0,0.0,0.0,193.0
AIRBUS A320,AIRBUS,2017-02-23,0.0,0.0,0.0,137.0
AIRBUS A320,AIRBUS,2017-04-17,0.0,0.0,0.0,0.0
AIRBUS A320,AIRBUS,2017-09-27,0.0,0.0,0.0,185.0
AIRBUS A320,AIRBUS,2018-02-18,0.0,0.0,0.0,0.0
AIRBUS A320,AIRBUS,2018-02-28,0.0,0.0,0.0,0.0
AIRBUS A320,AIRBUS,2018-04-12,0.0,0.0,0.0,0.0
AIRBUS A320,AIRBUS,2018-04-14,0.0,0.0,0.0,0.0
AIRBUS A320,AIRBUS,2018-09-26,0.0,0.0,0.0,166.0
AIRBUS A320,AIRBUS,2018-09-30,0.0,0.0,0.0,0.0
AIRBUS A320,AIRBUS,2018-12-02,0.0,0.0,1.0,162.0
AIRBUS A320,AIRBUS,2018-12-10,0.0,0.0,0.0,0.0
AIRBUS A320,AIRBUS,2019-01-03,0.0,0.0,0.0,0.0
AIRBUS A320,AIRBUS,2019-01-08,0.0,0.0,0.0,0.0
AIRBUS A320,AIRBUS,2019-01-21,0.0,0.0,0.0,0.0
AIRBUS A320,AIRBUS,2019-03-07,0.0,0.0,0.0,0.0
AIRBUS A320,AIRBUS,2019-03-24,0.0,0.0,0.0,0.0
AIRBUS A320,AIRBUS,2019-04-01,0.0,0.0,0.0,0.0
AIRBUS A320,AIRBUS,2019-04-02,0.0,0.0,0.0,0.0
AIRBUS A320,AIRBUS,2019-05-28,0.0,0.0,0.0,0.0
AIRBUS A320,AIRBUS,2019-06-29,0.0,0.0,0.0,0.0
AIRBUS A320,AIRBUS,2019-07-15,0.0,0.0,0.0,0.0
AIRBUS A320,AIRBUS,2019-08-08,0.0,0.0,1.0,154.0
AIRBUS A320,AIRBUS,2019-08-09,0.0,0.0,0.0,0.0
AIRBUS A320,AIRBUS,2019-08-17,0.0,0.0,0.0,0.0
AIRBUS A320,AIRBUS,2019-08-19,0.0,0.0,0.0,0.0
AIRBUS A320,AIRBUS,2019-08-27,0.0,0.0,1.0,0.0
AIRBUS A320,AIRBUS,2019-10-24,0.0,0.0,0.0,0.0
AIRBUS A320,AIRBUS,2019-10-25,0.0,0.0,0.0,0.0
AIRBUS A320,AIRBUS,2019-10-26,0.0,0.0,0.0,0.0
AIRBUS A320,AIRBUS,2019-10-30,0.0,0.0,0.0,0.0
AIRBUS A320,AIRBUS,2019-12-22,0.0,0.0,0.0,0.0
AIRBUS A320,AIRBUS,2019-12-23,0.0,0.0,0.0,0.0
AIRBUS A320,AIRBUS,2020-01-07,0.0,0.0,0.0,0.0
AIRBUS A320,AIRBUS,2020-01-10,0.0,0.0,1.0,158.0
AIRBUS A320,AIRBUS,2020-01-24,0.0,0.0,0.0,0.0
AIRBUS A320,AIRBUS,2020-02-03,0.0,0.0,0.0,0.0
AIRBUS A320,AIRBUS,2020-05-22,97.0,97.0,2.0,0.0
AIRBUS A320,AIRBUS,2020-06-16,0.0,0.0,0.0,0.0
AIRBUS A320,AIRBUS,2021-02-08,0.0,0.0,1.0,95.0
AIRBUS A320,AIRBUS,2021-03-27,0.0,0.0,0.0,116.0
AIRBUS A320,AIRBUS,2021-05-27,0.0,0.0,0.0,147.0
AIRBUS A320,AIRBUS,2022-01-15,0.0,0.0,0.0,0.0
AIRBUS A320,AIRBUS,2022-01-16,0.0,0.0,1.0,55.0
AIRBUS A320,AIRBUS,2022-02-10,0.0,0.0,0.0,0.0
AIRBUS A320,AIRBUS,2022-04-08,0.0,0.0,0.0,0.0
AIRBUS A320,AIRBUS,2022-04-08,0.0,0.0,0.0,132.0
AIRBUS A320,AIRBUS,2022-04-09,0.0,0.0,0.0,0.0
AIRBUS A320,AIRBUS,2022-05-23,0.0,0.0,0.0,0.0
AIRBUS A320,AIRBUS,2022-06-04,0.0,0.0,0.0,0.0
AIRBUS A320,AIRBUS,2022-06-05,0.0,0.0,0.0,0.0
AIRBUS A320,AIRBUS,2022-07-04,0.0,0.0,0.0,0.0
AIRBUS A320,AIRBUS,2022-07-09,0.0,0.0,0.0,0.0
AIRBUS A320,AIRBUS,2022-10-28,0.0,0.0,0.0,0.0
AIRBUS A320,AIRBUS,2022-11-18,0.0,0.0,0.0,0.0
BOEING 747,BOEING,1983-03-18,0.0,0.0,0.0,588.0
BOEING 747,BOEING,1984-05-11,0.0,0.0,0.0,1.0
BOEING 747,BOEING,1987-08-09,0.0,0.0,0.0,528.0
BOEING 747,BOEING,1988-04-14,0.0,0.0,0.0,0.0
BOEING 747,BOEING,1989-01-09,0.0,0.0,0.0,441.0
BOEING 747,BOEING,1989-05-07,0.0,0.0,3.0,383.0
BOEING 747,BOEING,1994-03-01,0.0,0.0,0.0,250.0
BOEING 747,BOEING,1998-05-11,0.0,0.0,1.0,360.0
BOEING 747,BOEING,1998-07-20,0.0,0.0,0.0,3.0
BOEING 747,BOEING,2002-03-01,0.0,0.0,0.0,0.0
BOEING 747,BOEING,2003-02-13,0.0,0.0,0.0,0.0
BOEING 747,BOEING,2004-12-12,0.0,0.0,0.0,3.0
BOEING 747,BOEING,2006-02-01,0.0,0.0,0.0,0.0
BOEING 747,BOEING,2006-07-23,0.0,0.0,0.0,131.0
BOEING 747,BOEING,2007-02-10,0.0,0.0,0.0,0.0
BOEING 747,BOEING,2007-03-21,0.0,0.0,0.0,0.0
BOEING 747,BOEING,2008-04-20,0.0,0.0,0.0,5.0
BOEING 747,BOEING,2008-10-02,0.0,0.0,1.0,151.0
BOEING 747,BOEING,2008-10-27,0.0,0.0,0.0,6.0
BOEING 747,BOEING,2009-02-20,0.0,0.0,4.0,384.0
BOEING 747,BOEING,2009-12-17,0.0,0.0,0.0,0.0
BOEING 747,BOEING,2010-01-21,0.0,0.0,0.0,3.0
BOEING 747,BOEING,2010-02-03,0.0,0.0,0.0,0.0
BOEING 747,BOEING,2010-02-19,0.0,0.0,1.0,236.0
BOEING 747,BOEING,2010-03-04,0.0,0.0,0.0,3.0
BOEING 747,BOEING,2010-03-18,0.0,0.0,0.0,0.0
BOEING 747,BOEING,2010-04-08,0.0,0.0,0.0,326.0
BOEING 747,BOEING,2010-05-17,0.0,0.0,0.0,3.0
BOEING 747,BOEING,2010-05-31,0.0,0.0,0.0,0.0
BOEING 747,BOEING,2010-07-17,0.0,0.0,0.0,0.0
BOEING 747,BOEING,2010-07-30,0.0,0.0,0.0,0.0
BOEING 747,BOEING,2010-09-02,0.0,0.0,0.0,0.0
BOEING 747,BOEING,2010-09-21,0.0,0.0,0.0,4.0
BOEING 747,BOEING,2010-09-23,0.0,0.0,0.0,0.0
BOEING 747,BOEING,2010-10-10,0.0,0.0,0.0,0.0
BOEING 747,BOEING,2010-11-09,0.0,0.0,0.0,2.0
BOEING 747,BOEING,2010-11-26,0.0,0.0,0.0,0.0
BOEING 747,BOEING,2010-11-28,0.0,0.0,0.0,3.0
BOEING 747,BOEING,2010-12-12,0.0,0.0,0.0,23.0
BOEING 747,BOEING,2011-02-16,0.0,0.0,0.0,278.0
BOEING 747,BOEING,2011-05-05,0.0,0.0,0.0,18.0
BOEING 747,BOEING,2011-07-27,2.0,2.0,0.0,0.0
BOEING 747,BOEING,2012-01-17,0.0,0.0,0.0,0.0
BOEING 747,BOEING,2012-01-31,0.0,0.0,0.0,2.0
BOEING 747,BOEING,2012-05-30,0.0,0.0,0.0,24.0
BOEING 747,BOEING,2012-06-18,0.0,0.0,0.0,0.0
BOEING 747,BOEING,2012-07-09,0.0,0.0,0.0,0.0
BOEING 747,BOEING,2013-02-25,0.0,0.0,0.0,3.0
BOEING 747,BOEING,2013-05-19,0.0,0.0,0.0,3.0
BOEING 747,BOEING,2013-07-31,0.0,0.0,0.0,3.0
BOEING 747,BOEING,2013-12-04,0.0,0.0,0.0,0.0
BOEING 747,BOEING,2013-12-22,0.0,0.0,0.0,0.0
BOEING 747,BOEING,2014-09-21,0.0,0.0,0.0,333.0
BOEING 747,BOEING,2015-07-27,0.0,0.0,0.0,2.0
BOEING 747,BOEING,2015-08-11,0.0,0.0,0.0,0.0
BOEING 747,BOEING,2015-10-02,0.0,0.0,0.0,367.0
BOEING 747,BOEING,2016-01-30,0.0,0.0,0.0,0.0
BOEING 747,BOEING,2016-03-09,0.0,0.0,0.0,0.0
BOEING 747,BOEING,2016-06-21,0.0,0.0,0.0,0.0
BOEING 747,BOEING,2017-01-16,4.0,4.0,0.0,0.0
BOEING 747,BOEING,2017-03-30,0.0,0.0,0.0,0.0
BOEING 747,BOEING,2017-04-07,0.0,0.0,0.0,0.0
BOEING 747,BOEING,2017-08-01,0.0,0.0,0.0,0.0
BOEING 747,BOEING,2017-08-26,0.0,0.0,0.0,6.0
BOEING 747,BOEING,2017-11-11,0.0,0.0,0.0,0.0
BOEING 747,BOEING,2018-03-29,0.0,0.0,0.0,5.0
BOEING 747,BOEING,2018-06-21,0.0,0.0,0.0,4.0
BOEING 747,BOEING,2018-08-30,0.0,0.0,0.0,3.0
BOEING 747,BOEING,2018-09-16,0.0,0.0,0.0,2.0
BOEING 747,BOEING,2018-10-08,0.0,0.0,0.0,116.0
BOEING 747,BOEING,2018-10-16,0.0,0.0,0.0,0.0
BOEING 747,BOEING,2018-11-07,0.0,0.0,0.0,4.0
BOEING 747,BOEING,2018-12-13,0.0,0.0,0.0,0.0
BOEING 747,BOEING,2019-03-09,0.0,0.0,0.0,0.0
BOEING 747,BOEING,2019-07-09,0.0,0.0,0.0,0.0
BOEING 747,BOEING,2019-11-11,0.0,0.0,0.0,0.0
BOEING 747,BOEING,2019-11-14,0.0,0.0,0.0,3.0
BOEING 747,BOEING,2019-11-28,0.0,0.0,0.0,0.0
BOEING 747,BOEING,2019-12-11,0.0,0.0,0.0,0.0
BOEING 747,BOEING,2020-01-31,0.0,0.0,0.0,3.0
BOEING 747,BOEING,2021-01-26,0.0,0.0,0.0,10.0
BOEING 747,BOEING,2021-02-01,0.0,0.0,0.0,2.0
BOEING 747,BOEING,2021-03-15,0.0,0.0,0.0,0.0
BOEING 747,BOEING,2021-03-22,0.0,0.0,0.0,0.0
BOEING 747,BOEING,2021-07-28,0.0,0.0,0.0,4.0
BOEING 767,BOEING,1983-08-19,0.0,0.0,0.0,205.0
BOEING 767,BOEING,1983-11-02,0.0,0.0,0.0,104.0
BOEING 767,BOEING,1983-12-09,0.0,0.0,0.0,13.0
BOEING 767,BOEING,1988-08-26,0.0,0.0,9.0,55.0
BOEING 767,BOEING,1996-11-23,125.0,125.0,2.0,4.0
BOEING 767,BOEING,1998-05-12,0.0,0.0,0.0,2.0
BOEING 767,BOEING,1998-09-12,0.0,0.0,0.0,200.0
BOEING 767,BOEING,1999-08-24,0.0,0.0,0.0,191.0
BOEING 767,BOEING,2000-11-26,0.0,0.0,0.0,0.0
BOEING 767,BOEING,2008-06-28,0.0,0.0,0.0,2.0
BOEING 767,BOEING,2009-04-20,0.0,0.0,0.0,220.0
BOEING 767,BOEING,2009-06-05,0.0,0.0,0.0,210.0
BOEING 767,BOEING,2009-06-19,0.0,0.0,0.0,216.0
BOEING 767,BOEING,2009-07-20,0.0,0.0,0.0,2.0
BOEING 767,BOEING,2009-09-18,0.0,0.0,0.0,235.0
BOEING 767,BOEING,2009-10-19,0.0,0.0,0.0,194.0
BOEING 767,BOEING,2009-11-04,0.0,0.0,0.0,0.0
BOEING 767,BOEING,2010-04-30,0.0,0.0,1.0,172.0
BOEING 767,BOEING,2010-06-16,0.0,0.0,0.0,2.0
BOEING 767,BOEING,2010-07-15,0.0,0.0,1.0,201.0
BOEING 767,BOEING,2010-08-17,0.0,0.0,1.0,193.0
BOEING 767,BOEING,2010-10-03,0.0,0.0,0.0,0.0
BOEING 767,BOEING,2010-11-12,0.0,0.0,0.0,0.0
BOEING 767,BOEING,2010-12-03,0.0,0.0,1.0,181.0
BOEING 767,BOEING,2011-01-14,0.0,0.0,7.0,88.0
BOEING 767,BOEING,2011-05-10,0.0,0.0,0.0,0.0
BOEING 767,BOEING,2011-07-08,0.0,0.0,0.0,255.0
BOEING 767,BOEING,2011-10-12,0.0,0.0,0.0,210.0
BOEING 767,BOEING,2011-11-01,0.0,0.0,0.0,231.0
BOEING 767,BOEING,2012-02-08,0.0,0.0,0.0,210.0
BOEING 767,BOEING,2012-02-26,0.0,0.0,1.0,146.0
BOEING 767,BOEING,2012-06-20,0.0,0.0,0.0,0.0
BOEING 767,BOEING,2012-08-27,0.0,0.0,0.0,151.0
BOEING 767,BOEING,2013-04-16,0.0,0.0,0.0,0.0
BOEING 767,BOEING,2013-12-18,0.0,0.0,0.0,0.0
BOEING 767,BOEING,2015-02-15,0.0,0.0,1.0,245.0
BOEING 767,BOEING,2015-10-29,0.0,0.0,1.0,79.0
BOEING 767,BOEING,2016-01-11,0.0,0.0,0.0,0.0
BOEING 767,BOEING,2016-02-26,0.0,0.0,0.0,348.0
BOEING 767,BOEING,2016-04-24,0.0,0.0,0.0,2.0
BOEING 767,BOEING,2016-05-06,0.0,0.0,0.0,3.0
BOEING 767,BOEING,2016-10-28,0.0,0.0,1.0,149.0
BOEING 767,BOEING,2016-11-10,0.0,0.0,0.0,0.0
BOEING 767,BOEING,2016-12-21,0.0,0.0,0.0,224.0
BOEING 767,BOEING,2017-03-19,0.0,0.0,0.0,0.0
BOEING 767,BOEING,2017-07-22,0.0,0.0,0.0,0.0
BOEING 767,BOEING,2017-11-01,0.0,0.0,0.0,0.0
BOEING 767,BOEING,2017-12-09,0.0,0.0,0.0,0.0
BOEING 767,BOEING,2018-03-27,0.0,0.0,0.0,0.0
BOEING 767,BOEING,2018-05-08,0.0,0.0,0.0,0.0
BOEING 767,BOEING,2018-05-24,0.0,0.0,0.0,0.0
BOEING 767,BOEING,2018-07-27,0.0,0.0,0.0,250.0
BOEING 767,BOEING,2018-11-26,0.0,0.0,0.0,0.0
BOEING 767,BOEING,2018-12-04,0.0,0.0,1.0,92.0
BOEING 767,BOEING,2019-02-23,3.0,3.0,0.0,0.0
BOEING 767,BOEING,2019-03-04,0.0,0.0,0.0,0.0
BOEING 767,BOEING,2019-04-28,0.0,0.0,0.0,104.0
BOEING 767,BOEING,2019-04-29,0.0,0.0,0.0,0.0
BOEING 767,BOEING,2019-07-22,0.0,0.0,1.0,216.0
BOEING 767,BOEING,2019-08-15,0.0,0.0,0.0,158.0
BOEING 767,BOEING,2019-09-08,0.0,0.0,0.0,0.0
BOEING 767,BOEING,2019-10-08,0.0,0.0,0.0,102.0
BOEING 767,BOEING,2019-12-16,0.0,0.0,0.0,11.0
BOEING 767,BOEING,2020-01-20,0.0,0.0,0.0,4.0
BOEING 767,BOEING,2020-03-08,0.0,0.0,0.0,181.0
BOEING 767,BOEING,2020-08-19,0.0,0.0,1.0,1.0
BOEING 767,BOEING,2020-08-28,0.0,0.0,0.0,66.0
BOEING 767,BOEING,2021-05-28,0.0,0.0,1.0,237.0
BOEING 757,BOEING,1988-03-22,0.0,0.0,0.0,99.0
BOEING 757,BOEING,1988-09-29,0.0,0.0,0.0,128.0
BOEING 757,BOEING,1995-08-04,0.0,0.0,0.0,126.0
BOEING 757,BOEING,1997-12-24,0.0,0.0,0.0,213.0
BOEING 757,BOEING,1998-03-17,0.0,0.0,0.0,7.0
BOEING 757,BOEING,1998-11-29,0.0,0.0,0.0,0.0
BOEING 757,BOEING,1999-02-22,0.0,0.0,0.0,132.0
BOEING 757,BOEING,1999-06-09,0.0,0.0,0.0,94.0
BOEING 757,BOEING,1999-09-14,0.0,0.0,68.0,175.0
BOEING 757,BOEING,2001-06-05,0.0,0.0,0.0,89.0
BOEING 757,BOEING,2001-06-28,0.0,0.0,0.0,190.0
BOEING 757,BOEING,2001-09-11,44.0,44.0,0.0,0.0
BOEING 757,BOEING,2004-10-19,0.0,0.0,0.0,12.0
BOEING 757,BOEING,2005-05-12,0.0,0.0,0.0,0.0
BOEING 757,BOEING,2007-06-23,0.0,0.0,0.0,171.0
BOEING 757,BOEING,2008-08-06,0.0,0.0,0.0,170.0
BOEING 757,BOEING,2008-09-18,0.0,0.0,0.0,0.0
BOEING 757,BOEING,2009-05-16,0.0,0.0,1.0,184.0
BOEING 757,BOEING,2009-06-15,0.0,0.0,0.0,0.0
BOEING 757,BOEING,2009-08-02,0.0,0.0,0.0,0.0
BOEING 757,BOEING,2010-02-17,0.0,0.0,0.0,0.0
BOEING 757,BOEING,2010-05-17,0.0,0.0,0.0,112.0
BOEING 757,BOEING,2010-06-12,0.0,0.0,0.0,0.0
BOEING 757,BOEING,2010-08-30,0.0,0.0,0.0,0.0
BOEING 757,BOEING,2011-05-23,0.0,0.0,1.0,185.0
BOEING 757,BOEING,2011-07-31,0.0,0.0,0.0,2.0
BOEING 757,BOEING,2012-07-28,0.0,0.0,0.0,273.0
BOEING 757,BOEING,2012-08-07,0.0,0.0,0.0,0.0
BOEING 757,BOEING,2012-11-11,0.0,0.0,0.0,263.0
BOEING 757,BOEING,2013-02-26,0.0,0.0,0.0,171.0
BOEING 757,BOEING,2013-05-17,0.0,0.0,0.0,236.0
BOEING 757,BOEING,2013-08-23,0.0,0.0,0.0,0.0
BOEING 757,BOEING,2014-04-29,0.0,0.0,0.0,0.0
BOEING 757,BOEING,2014-07-30,0.0,0.0,0.0,174.0
BOEING 757,BOEING,2016-07-07,0.0,0.0,0.0,157.0
BOEING 757,BOEING,2016-10-19,0.0,0.0,0.0,0.0
BOEING 757,BOEING,2017-05-21,0.0,0.0,0.0,186.0
BOEING 757,BOEING,2017-08-15,0.0,0.0,0.0,295.0
BOEING 757,BOEING,2018-02-05,0.0,0.0,0.0,0.0
BOEING 757,BOEING,2018-03-29,0.0,0.0,0.0,2.0
BOEING 757,BOEING,2018-07-31,0.0,0.0,0.0,181.0
BOEING 757,BOEING,2018-08-24,0.0,0.0,0.0,177.0
BOEING 757,BOEING,2018-09-06,0.0,0.0,1.0,112.0
BOEING 757,BOEING,2018-09-06,0.0,0.0,0.0,0.0
BOEING 757,BOEING,2018-09-24,0.0,0.0,1.0,176.0
BOEING 757,BOEING,2018-11-09,0.0,0.0,0.0,0.0
BOEING 757,BOEING,2018-12-31,0.0,0.0,0.0,0.0
BOEING 757,BOEING,2019-06-15,0.0,0.0,0.0,0.0
BOEING 757,BOEING,2019-07-23,0.0,0.0,0.0,0.0
BOEING 757,BOEING,2019-08-18,0.0,0.0,0.0,159.0
BOEING 757,BOEING,2020-01-01,0.0,0.0,0.0,0.0
BOEING 757,BOEING,2020-01-31,0.0,0.0,0.0,0.0
BOEING 757,BOEING,2020-02-09,0.0,0.0,0.0,194.0
BOEING 757,BOEING,2020-03-21,0.0,0.0,0.0,127.0
BOEING 757,BOEING,2020-12-01,0.0,0.0,0.0,0.0
BOEING 757,BOEING,2021-02-13,0.0,0.0,0.0,0.0
BOEING 757,BOEING,2022-03-26,0.0,0.0,0.0,2.0
BOEING 757,BOEING,2022-04-07,0.0,0.0,0.0,2.0
BOEING 757,BOEING,2022-09-28,0.0,0.0,0.0,2.0
BOEING 737-300,BOEING,1985-04-28,0.0,0.0,1.0,132.0
BOEING 737-300,BOEING,1986-02-20,0.0,0.0,0.0,111.0
BOEING 737-300,BOEING,1986-12-22,0.0,0.0,4.0,131.0
BOEING 737-300,BOEING,1987-03-16,0.0,0.0,0.0,58.0
BOEING 737-300,BOEING,1987-12-01,0.0,0.0,0.0,87.0
BOEING 737-300,BOEING,1988-07-26,0.0,0.0,0.0,50.0
BOEING 737-300,BOEING,1989-03-17,0.0,0.0,0.0,69.0
BOEING 737-300,BOEING,1990-03-16,0.0,0.0,0.0,110.0
BOEING 737-300,BOEING,1990-03-17,0.0,0.0,1.0,135.0
BOEING 737-300,BOEING,1991-02-01,34.0,34.0,17.0,37.0
BOEING 737-300,BOEING,1991-10-11,0.0,0.0,0.0,0.0
BOEING 737-300,BOEING,1992-01-03,0.0,0.0,0.0,127.0
BOEING 737-300,BOEING,1992-08-03,0.0,0.0,1.0,65.0
BOEING 737-300,BOEING,1992-10-12,0.0,0.0,0.0,133.0
BOEING 737-300,BOEING,1993-09-08,0.0,0.0,0.0,144.0
BOEING 737-300,BOEING,1995-01-23,0.0,0.0,0.0,37.0
BOEING 737-300,BOEING,1995-05-19,0.0,0.0,0.0,94.0
BOEING 737-300,BOEING,1996-05-10,0.0,0.0,0.0,50.0
BOEING 737-300,BOEING,1996-08-29,0.0,0.0,1.0,84.0
BOEING 737-300,BOEING,1997-04-16,0.0,0.0,0.0,125.0
BOEING 737-300,BOEING,1997-05-08,35.0,35.0,0.0,0.0
BOEING 737-300,BOEING,1997-06-08,0.0,0.0,1.0,79.0
BOEING 737-300,BOEING,1997-08-21,0.0,0.0,2.0,74.0
BOEING 737-300,BOEING,1997-12-19,97.0,97.0,0.0,0.0
BOEING 737-300,BOEING,1998-08-07,0.0,0.0,10.0,122.0
BOEING 737-300,BOEING,1998-12-13,0.0,0.0,0.0,74.0
BOEING 737-300,BOEING,1999-03-17,0.0,0.0,0.0,108.0
BOEING 737-300,BOEING,1999-06-09,0.0,0.0,4.0,71.0
BOEING 737-300,BOEING,2000-02-03,0.0,0.0,0.0,59.0
BOEING 737-300,BOEING,2000-03-05,0.0,0.0,42.0,98.0
BOEING 737-300,BOEING,2001-11-01,0.0,0.0,0.0,45.0
BOEING 737-300,BOEING,2002-01-16,1.0,1.0,22.0,37.0
BOEING 737-300,BOEING,2003-05-24,0.0,0.0,0.0,68.0
BOEING 737-300,BOEING,2003-12-19,0.0,0.0,0.0,0.0
BOEING 737-300,BOEING,2004-01-03,0.0,0.0,0.0,0.0
BOEING 737-300,BOEING,2004-02-24,0.0,0.0,0.0,94.0
BOEING 737-300,BOEING,2004-04-10,0.0,0.0,0.0,108.0
BOEING 737-300,BOEING,2004-09-01,0.0,0.0,0.0,2.0
BOEING 737-300,BOEING,2006-03-23,0.0,0.0,0.0,121.0
BOEING 737-300,BOEING,2006-06-08,0.0,0.0,0.0,143.0
BOEING 737-300,BOEING,2006-07-07,0.0,0.0,0.0,2.0
BOEING 737-300,BOEING,2006-07-27,0.0,0.0,3.0,75.0
BOEING 737-300,BOEING,2006-11-07,0.0,0.0,0.0,216.0
BOEING 737-300,BOEING,2007-04-25,0.0,0.0,0.0,102.0
BOEING 737-300,BOEING,2007-04-29,0.0,0.0,0.0,0.0
BOEING 737-300,BOEING,2007-11-17,0.0,0.0,0.0,138.0
BOEING 737-300,BOEING,2008-02-24,0.0,0.0,0.0,136.0
BOEING 737-300,BOEING,2008-07-06,0.0,0.0,0.0,285.0
BOEING 737-300,BOEING,2010-04-24,0.0,0.0,0.0,9.0
BOEING 737-300,BOEING,2013-03-01,0.0,0.0,0.0,0.0
BOEING 737-300,BOEING,2014-01-26,0.0,0.0,0.0,0.0
BOEING 727-200,BOEING,1982-04-09,0.0,0.0,0.0,108.0
BOEING 727-200,BOEING,1982-04-18,0.0,0.0,0.0,68.0
BOEING 727-200,BOEING,1983-05-27,0.0,0.0,0.0,150.0
BOEING 727-200,BOEING,1983-06-03,0.0,0.0,0.0,133.0
BOEING 727-200,BOEING,1983-06-10,0.0,0.0,6.0,145.0
BOEING 727-200,BOEING,1983-07-02,0.0,0.0,1.0,133.0
BOEING 727-200,BOEING,1983-09-07,0.0,0.0,0.0,116.0
BOEING 727-200,BOEING,1983-11-08,0.0,0.0,0.0,100.0
BOEING 727-200,BOEING,1984-03-04,0.0,0.0,3.0,44.0
BOEING 727-200,BOEING,1984-05-26,0.0,0.0,0.0,27.0
BOEING 727-200,BOEING,1984-07-16,0.0,0.0,0.0,91.0
BOEING 727-200,BOEING,1985-04-16,0.0,0.0,0.0,129.0
BOEING 727-200,BOEING,1985-10-24,0.0,0.0,0.0,90.0
BOEING 727-200,BOEING,1986-08-09,0.0,0.0,0.0,94.0
BOEING 727-200,BOEING,1986-10-14,0.0,0.0,0.0,43.0
BOEING 727-200,BOEING,1987-03-19,0.0,0.0,2.0,57.0
BOEING 727-200,BOEING,1987-08-02,0.0,0.0,0.0,408.0
BOEING 727-200,BOEING,1987-09-17,0.0,0.0,0.0,70.0
BOEING 727-200,BOEING,1987-12-26,0.0,0.0,0.0,200.0
BOEING 727-200,BOEING,1988-06-12,0.0,0.0,7.0,81.0
BOEING 727-200,BOEING,1988-09-09,0.0,0.0,0.0,71.0
BOEING 727-200,BOEING,1988-09-21,0.0,0.0,4.0,84.0
BOEING 727-200,BOEING,1988-10-17,0.0,0.0,0.0,131.0
BOEING 727-200,BOEING,1989-03-21,0.0,0.0,0.0,261.0
BOEING 727-200,BOEING,1990-11-16,0.0,0.0,0.0,0.0
BOEING 727-200,BOEING,1991-01-25,0.0,0.0,0.0,92.0
BOEING 727-200,BOEING,1992-07-02,0.0,0.0,0.0,136.0
BOEING 727-200,BOEING,1992-10-01,0.0,0.0,0.0,5.0
BOEING 727-200,BOEING,1993-02-11,0.0,0.0,0.0,67.0
BOEING 727-200,BOEING,1993-03-09,0.0,0.0,0.0,45.0
BOEING 727-200,BOEING,1995-03-16,0.0,0.0,5.0,132.0
BOEING 727-200,BOEING,1998-04-20,52.0,52.0,0.0,0.0
BOEING 727-200,BOEING,1998-08-31,0.0,0.0,0.0,5.0
BOEING 727-200,BOEING,1998-10-02,0.0,0.0,0.0,3.0
BOEING 727-200,BOEING,1999-01-13,0.0,0.0,0.0,160.0
BOEING 727-200,BOEING,1999-03-10,0.0,0.0,0.0,96.0
BOEING 727-200,BOEING,1999-08-23,0.0,0.0,0.0,171.0
BOEING 727-200,BOEING,2000-07-28,0.0,0.0,14.0,53.0
BOEING 727-200,BOEING,2001-01-09,0.0,0.0,0.0,144.0
BOEING 727-200,BOEING,2001-03-23,0.0,0.0,0.0,127.0
BOEING 727-200,BOEING,2001-08-02,0.0,0.0,1.0,136.0
BOEING 727-200,BOEING,2002-01-02,0.0,0.0,0.0,3.0
BOEING 727-200,BOEING,2005-06-12,0.0,0.0,0.0,155.0
MCDONNELL DOUGLAS MD-11,MCDONNELL DOUGLAS,1992-08-02,0.0,0.0,0.0,149.0
MCDONNELL DOUGLAS MD-11,MCDONNELL DOUGLAS,1992-09-16,0.0,0.0,0.0,8.0
MCDONNELL DOUGLAS MD-11,MCDONNELL DOUGLAS,1993-04-06,2.0,2.0,96.0,97.0
MCDONNELL DOUGLAS MD-11,MCDONNELL DOUGLAS,1993-04-30,0.0,0.0,0.0,277.0
MCDONNELL DOUGLAS MD-11,MCDONNELL DOUGLAS,1994-06-29,0.0,0.0,15.0,80.0
MCDONNELL DOUGLAS MD-11,MCDONNELL DOUGLAS,1994-10-13,0.0,0.0,0.0,2.0
MCDONNELL DOUGLAS MD-11,MCDONNELL DOUGLAS,1995-04-02,0.0,0.0,33.0,74.0
MCDONNELL DOUGLAS MD-11,MCDONNELL DOUGLAS,1996-01-23,0.0,0.0,0.0,459.0
MCDONNELL DOUGLAS MD-11,MCDONNELL DOUGLAS,1996-05-25,0.0,0.0,0.0,2.0
MCDONNELL DOUGLAS MD-11,MCDONNELL DOUGLAS,1996-07-13,0.0,0.0,3.0,176.0
MCDONNELL DOUGLAS MD-11,MCDONNELL DOUGLAS,1996-11-06,0.0,0.0,0.0,282.0
MCDONNELL DOUGLAS MD-11,MCDONNELL DOUGLAS,1996-11-07,0.0,0.0,0.0,209.0
MCDONNELL DOUGLAS MD-11,MCDONNELL DOUGLAS,1997-06-08,0.0,0.0,9.0,167.0
MCDONNELL DOUGLAS MD-11,MCDONNELL DOUGLAS,1997-06-21,0.0,0.0,0.0,308.0
MCDONNELL DOUGLAS MD-11,MCDONNELL DOUGLAS,1997-07-31,0.0,0.0,5.0,0.0
MCDONNELL DOUGLAS MD-11,MCDONNELL DOUGLAS,1997-10-24,0.0,0.0,0.0,0.0
MCDONNELL DOUGLAS MD-11,MCDONNELL DOUGLAS,1998-06-14,0.0,0.0,7.0,252.0
MCDONNELL DOUGLAS MD-11,MCDONNELL DOUGLAS,1998-09-10,0.0,0.0,9.0,129.0
MCDONNELL DOUGLAS MD-11,MCDONNELL DOUGLAS,1998-11-08,0.0,0.0,0.0,4.0
MCDONNELL DOUGLAS MD-11,MCDONNELL DOUGLAS,1998-11-11,0.0,0.0,0.0,124.0
MCDONNELL DOUGLAS MD-11,MCDONNELL DOUGLAS,1998-11-27,0.0,0.0,0.0,0.0
MCDONNELL DOUGLAS MD-11,MCDONNELL DOUGLAS,1998-12-25,0.0,0.0,0.0,0.0
MCDONNELL DOUGLAS MD-11,MCDONNELL DOUGLAS,1999-04-15,3.0,3.0,0.0,0.0
MCDONNELL DOUGLAS MD-11,MCDONNELL DOUGLAS,1999-06-30,0.0,0.0,0.0,2.0
MCDONNELL DOUGLAS MD-11,MCDONNELL DOUGLAS,1999-08-08,0.0,0.0,0.0,191.0
MCDONNELL DOUGLAS MD-11,MCDONNELL DOUGLAS,1999-08-23,0.0,0.0,200.0,117.0
MCDONNELL DOUGLAS MD-11,MCDONNELL DOUGLAS,1999-09-18,0.0,0.0,0.0,0.0
MCDONNELL DOUGLAS MD-11,MCDONNELL DOUGLAS,2000-09-29,0.0,0.0,0.0,2.0
MCDONNELL DOUGLAS MD-11,MCDONNELL DOUGLAS,2000-11-25,0.0,0.0,0.0,2.0
MCDONNELL DOUGLAS MD-11,MCDONNELL DOUGLAS,2001-11-20,0.0,0.0,0.0,0.0
MCDONNELL DOUGLAS MD-11,MCDONNELL DOUGLAS,2002-03-17,0.0,0.0,0.0,149.0
MCDONNELL DOUGLAS MD-11,MCDONNELL DOUGLAS,2002-03-31,0.0,0.0,11.0,229.0
MCDONNELL DOUGLAS MD-11,MCDONNELL DOUGLAS,2002-06-03,0.0,0.0,0.0,2.0
MCDONNELL DOUGLAS MD-11,MCDONNELL DOUGLAS,2003-01-15,0.0,0.0,0.0,2.0
MCDONNELL DOUGLAS MD-11,MCDONNELL DOUGLAS,2004-01-26,0.0,0.0,0.0,193.0
MCDONNELL DOUGLAS MD-11,MCDONNELL DOUGLAS,2005-04-26,0.0,0.0,0.0,0.0
MCDONNELL DOUGLAS MD-11,MCDONNELL DOUGLAS,2005-04-28,0.0,0.0,0.0,201.0
MCDONNELL DOUGLAS MD-11,MCDONNELL DOUGLAS,2006-09-14,0.0,0.0,0.0,0.0
MCDONNELL DOUGLAS MD-11,MCDONNELL DOUGLAS,2006-11-07,0.0,0.0,0.0,0.0
MCDONNELL DOUGLAS DC-10-10,MCDONNELL DOUGLAS,1982-07-16,0.0,0.0,19.0,142.0
MCDONNELL DOUGLAS DC-10-10,MCDONNELL DOUGLAS,1983-06-04,0.0,0.0,0.0,240.0
MCDONNELL DOUGLAS DC-10-10,MCDONNELL DOUGLAS,1983-10-12,0.0,0.0,13.0,78.0
MCDONNELL DOUGLAS DC-10-10,MCDONNELL DOUGLAS,1983-12-07,0.0,0.0,0.0,160.0
MCDONNELL DOUGLAS DC-10-10,MCDONNELL DOUGLAS,1984-06-10,0.0,0.0,0.0,212.0
MCDONNELL DOUGLAS DC-10-10,MCDONNELL DOUGLAS,1984-09-15,0.0,0.0,0.0,3.0
MCDONNELL DOUGLAS DC-10-10,MCDONNELL DOUGLAS,1984-12-12,0.0,0.0,0.0,189.0
MCDONNELL DOUGLAS DC-10-10,MCDONNELL DOUGLAS,1985-05-28,0.0,0.0,0.0,212.0
MCDONNELL DOUGLAS DC-10-10,MCDONNELL DOUGLAS,1985-06-27,0.0,0.0,29.0,238.0
MCDONNELL DOUGLAS DC-10-10,MCDONNELL DOUGLAS,1985-08-07,0.0,0.0,0.0,195.0
MCDONNELL DOUGLAS DC-10-10,MCDONNELL DOUGLAS,1985-09-03,0.0,0.0,1.0,188.0
MCDONNELL DOUGLAS DC-10-10,MCDONNELL DOUGLAS,1985-09-08,0.0,0.0,1.0,175.0
MCDONNELL DOUGLAS DC-10-10,MCDONNELL DOUGLAS,1986-01-02,0.0,0.0,0.0,236.0
MCDONNELL DOUGLAS DC-10-10,MCDONNELL DOUGLAS,1986-05-07,0.0,0.0,4.0,270.0
MCDONNELL DOUGLAS DC-10-10,MCDONNELL DOUGLAS,1986-10-05,0.0,0.0,0.0,0.0
MCDONNELL DOUGLAS DC-10-10,MCDONNELL DOUGLAS,1986-11-07,0.0,0.0,3.0,119.0
MCDONNELL DOUGLAS DC-10-10,MCDONNELL DOUGLAS,1987-03-25,0.0,0.0,5.0,171.0
MCDONNELL DOUGLAS DC-10-10,MCDONNELL DOUGLAS,1987-03-26,0.0,0.0,0.0,173.0
MCDONNELL DOUGLAS DC-10-10,MCDONNELL DOUGLAS,1987-06-06,0.0,0.0,0.0,234.0
MCDONNELL DOUGLAS DC-10-10,MCDONNELL DOUGLAS,1987-08-02,0.0,0.0,0.0,408.0
MCDONNELL DOUGLAS DC-10-10,MCDONNELL DOUGLAS,1987-10-28,0.0,0.0,0.0,228.0
MCDONNELL DOUGLAS DC-10-10,MCDONNELL DOUGLAS,1987-11-21,0.0,0.0,0.0,94.0
MCDONNELL DOUGLAS DC-10-10,MCDONNELL DOUGLAS,1988-09-12,0.0,0.0,1.0,206.0
MCDONNELL DOUGLAS DC-10-10,MCDONNELL DOUGLAS,1989-07-18,0.0,0.0,0.0,250.0
MCDONNELL DOUGLAS DC-10-10,MCDONNELL DOUGLAS,1989-07-19,111.0,111.0,125.0,13.0
MCDONNELL DOUGLAS DC-10-10,MCDONNELL DOUGLAS,1990-01-20,0.0,0.0,45.0,100.0
MCDONNELL DOUGLAS DC-10-10,MCDONNELL DOUGLAS,1990-08-03,0.0,0.0,0.0,282.0
MCDONNELL DOUGLAS DC-10-10,MCDONNELL DOUGLAS,1991-07-13,0.0,0.0,12.0,215.0
MCDONNELL DOUGLAS DC-10-10,MCDONNELL DOUGLAS,1991-10-28,0.0,0.0,0.0,179.0
MCDONNELL DOUGLAS DC-10-10,MCDONNELL DOUGLAS,1992-03-03,0.0,0.0,0.0,200.0
MCDONNELL DOUGLAS DC-10-10,MCDONNELL DOUGLAS,1995-06-26,0.0,0.0,17.0,100.0
MCDONNELL DOUGLAS DC-10-10,MCDONNELL DOUGLAS,1998-03-24,0.0,0.0,0.0,299.0
MCDONNELL DOUGLAS DC-10-10,MCDONNELL DOUGLAS,1998-05-21,0.0,0.0,5.0,289.0
MCDONNELL DOUGLAS DC-10-10,MCDONNELL DOUGLAS,2000-12-23,0.0,0.0,0.0,139.0
MCDONNELL DOUGLAS DC-10-10,MCDONNELL DOUGLAS,2002-08-10,0.0,0.0,0.0,4.0
MCDONNELL DOUGLAS DC-10-10,MCDONNELL DOUGLAS,2003-10-12,0.0,0.0,0.0,7.0
AIRBUS A330,AIRBUS,2006-05-28,0.0,0.0,0.0,221.0
AIRBUS A330,AIRBUS,2007-07-23,0.0,0.0,0.0,0.0
AIRBUS A330,AIRBUS,2008-10-07,0.0,0.0,22.0,293.0
AIRBUS A330,AIRBUS,2009-05-22,0.0,0.0,0.0,176.0
AIRBUS A330,AIRBUS,2009-06-01,228.0,228.0,0.0,0.0
AIRBUS A330,AIRBUS,2009-10-28,0.0,0.0,0.0,0.0
AIRBUS A330,AIRBUS,2010-04-13,0.0,0.0,0.0,0.0
AIRBUS A330,AIRBUS,2010-05-12,103.0,103.0,1.0,0.0
AIRBUS A330,AIRBUS,2010-06-15,0.0,0.0,0.0,0.0
AIRBUS A330,AIRBUS,2011-05-26,0.0,0.0,0.0,0.0
AIRBUS A330,AIRBUS,2012-08-10,0.0,0.0,0.0,270.0
AIRBUS A330,AIRBUS,2012-10-10,0.0,0.0,0.0,0.0
AIRBUS A330,AIRBUS,2012-12-20,0.0,0.0,0.0,257.0
AIRBUS A330,AIRBUS,2013-05-01,0.0,0.0,0.0,290.0
AIRBUS A330,AIRBUS,2015-08-22,0.0,0.0,1.0,199.0
AIRBUS A330,AIRBUS,2016-09-11,0.0,0.0,0.0,0.0
AIRBUS A330,AIRBUS,2017-09-22,0.0,0.0,0.0,189.0
AIRBUS A330,AIRBUS,2018-01-18,0.0,0.0,0.0,255.0
AIRBUS A330,AIRBUS,2018-02-01,0.0,0.0,0.0,0.0
AIRBUS A330,AIRBUS,2018-02-13,0.0,0.0,0.0,135.0
AIRBUS A330,AIRBUS,2018-04-14,0.0,0.0,0.0,0.0
AIRBUS A330,AIRBUS,2018-06-29,0.0,0.0,0.0,300.0
AIRBUS A330,AIRBUS,2018-07-23,0.0,0.0,0.0,0.0
AIRBUS A330,AIRBUS,2018-10-31,0.0,0.0,0.0,0.0
AIRBUS A330,AIRBUS,2018-12-11,0.0,0.0,0.0,0.0
AIRBUS A330,AIRBUS,2019-05-13,0.0,0.0,0.0,244.0
AIRBUS A330,AIRBUS,2019-05-30,0.0,0.0,0.0,0.0
AIRBUS A330,AIRBUS,2019-07-22,0.0,0.0,0.0,0.0
AIRBUS A330,AIRBUS,2019-08-27,0.0,0.0,0.0,162.0
AIRBUS A330,AIRBUS,2020-10-01,0.0,0.0,0.0,0.0
AIRBUS A330,AIRBUS,2020-12-28,0.0,0.0,0.0,0.0
AIRBUS A330,AIRBUS,2021-05-04,0.0,0.0,0.0,0.0
AIRBUS A330,AIRBUS,2022-06-18,0.0,0.0,0.0,0.0
AIRBUS A330,AIRBUS,2022-10-23,0.0,0.0,0.0,173.0
BOEING 737-800,BOEING,1998-06-27,0.0,0.0,0.0,0.0
BOEING 737-800,BOEING,2001-03-17,0.0,0.0,0.0,0.0
BOEING 737-800,BOEING,2002-06-19,0.0,0.0,0.0,0.0
BOEING 737-800,BOEING,2003-08-16,0.0,0.0,2.0,132.0
BOEING 737-800,BOEING,2003-12-07,0.0,0.0,0.0,0.0
BOEING 737-800,BOEING,2004-10-11,0.0,0.0,0.0,0.0
BOEING 737-800,BOEING,2005-11-19,0.0,0.0,0.0,127.0
BOEING 737-800,BOEING,2006-09-29,154.0,154.0,0.0,7.0
BOEING 737-800,BOEING,2007-05-13,0.0,0.0,0.0,0.0
BOEING 737-800,BOEING,2007-08-20,0.0,0.0,0.0,165.0
BOEING 737-800,BOEING,2007-09-20,0.0,0.0,0.0,2.0
BOEING 737-800,BOEING,2007-10-28,0.0,0.0,0.0,122.0
BOEING 737-800,BOEING,2008-03-21,0.0,0.0,0.0,0.0
BOEING 737-800,BOEING,2012-01-07,0.0,0.0,0.0,0.0
BOEING 737-800,BOEING,2012-05-17,0.0,0.0,0.0,0.0
BOEING 737-800,BOEING,2012-09-07,0.0,0.0,0.0,0.0
BOEING 737-800,BOEING,2013-05-31,0.0,0.0,0.0,130.0
BOEING 737-800,BOEING,2013-06-10,0.0,0.0,0.0,0.0
BOEING 737-800,BOEING,2013-06-15,0.0,0.0,0.0,161.0
BOEING 737-800,BOEING,2013-07-18,0.0,0.0,1.0,134.0
BOEING 737-800,BOEING,2014-03-09,0.0,0.0,1.0,5.0
BOEING 737-800,BOEING,2014-04-04,0.0,0.0,0.0,195.0
BOEING 737-800,BOEING,2014-05-11,0.0,0.0,0.0,163.0
BOEING 737-800,BOEING,2014-07-29,0.0,0.0,0.0,177.0
BOEING 737-800,BOEING,2014-09-29,0.0,0.0,0.0,0.0
BOEING 737-800,BOEING,2014-12-17,0.0,0.0,0.0,0.0
BOEING 737-800,BOEING,2015-07-05,0.0,0.0,0.0,82.0
BOEING 737-800,BOEING,2021-10-13,0.0,0.0,0.0,4.0
BOEING 737-800,BOEING,2022-01-22,0.0,0.0,0.0,0.0
BOEING 737-800,BOEING,2022-04-03,0.0,0.0,0.0,0.0
BOEING 737-800,BOEING,2022-07-30,0.0,0.0,0.0,175.0
BOEING 737-800,BOEING,2022-11-26,0.0,0.0,0.0,186.0
BOEING 737-800,BOEING,2022-12-05,0.0,0.0,0.0,102.0
MCDONNELL DOUGLAS DC-9-82,MCDONNELL DOUGLAS,1983-09-27,0.0,0.0,0.0,79.0
MCDONNELL DOUGLAS DC-9-82,MCDONNELL DOUGLAS,1984-02-17,0.0,0.0,0.0,98.0
MCDONNELL DOUGLAS DC-9-82,MCDONNELL DOUGLAS,1987-03-23,0.0,0.0,0.0,114.0
MCDONNELL DOUGLAS DC-9-82,MCDONNELL DOUGLAS,1987-05-29,0.0,0.0,0.0,83.0
MCDONNELL DOUGLAS DC-9-82,MCDONNELL DOUGLAS,1987-08-16,156.0,156.0,4.0,0.0
MCDONNELL DOUGLAS DC-9-82,MCDONNELL DOUGLAS,1987-10-09,0.0,0.0,0.0,79.0
MCDONNELL DOUGLAS DC-9-82,MCDONNELL DOUGLAS,1987-11-01,0.0,0.0,0.0,226.0
MCDONNELL DOUGLAS DC-9-82,MCDONNELL DOUGLAS,1988-01-27,0.0,0.0,0.0,81.0
MCDONNELL DOUGLAS DC-9-82,MCDONNELL DOUGLAS,1989-03-01,0.0,0.0,0.0,185.0
MCDONNELL DOUGLAS DC-9-82,MCDONNELL DOUGLAS,1989-03-01,0.0,0.0,0.0,185.0
MCDONNELL DOUGLAS DC-9-82,MCDONNELL DOUGLAS,1989-05-02,0.0,0.0,0.0,96.0
MCDONNELL DOUGLAS DC-9-82,MCDONNELL DOUGLAS,1989-12-11,0.0,0.0,0.0,149.0
MCDONNELL DOUGLAS DC-9-82,MCDONNELL DOUGLAS,1991-09-23,0.0,0.0,0.0,80.0
MCDONNELL DOUGLAS DC-9-82,MCDONNELL DOUGLAS,1991-12-23,0.0,0.0,0.0,315.0
MCDONNELL DOUGLAS DC-9-82,MCDONNELL DOUGLAS,1992-10-12,0.0,0.0,0.0,88.0
MCDONNELL DOUGLAS DC-9-82,MCDONNELL DOUGLAS,1993-04-26,0.0,0.0,0.0,90.0
MCDONNELL DOUGLAS DC-9-82,MCDONNELL DOUGLAS,1993-04-27,0.0,0.0,2.0,119.0
MCDONNELL DOUGLAS DC-9-82,MCDONNELL DOUGLAS,1993-06-18,0.0,0.0,0.0,133.0
MCDONNELL DOUGLAS DC-9-82,MCDONNELL DOUGLAS,1993-09-02,0.0,0.0,0.0,108.0
MCDONNELL DOUGLAS DC-9-82,MCDONNELL DOUGLAS,1994-11-22,2.0,2.0,0.0,140.0
MCDONNELL DOUGLAS DC-9-82,MCDONNELL DOUGLAS,1997-03-05,0.0,0.0,3.0,106.0
MCDONNELL DOUGLAS DC-9-82,MCDONNELL DOUGLAS,1997-10-01,0.0,0.0,3.0,91.0
MCDONNELL DOUGLAS DC-9-82,MCDONNELL DOUGLAS,2000-11-29,0.0,0.0,0.0,66.0
MCDONNELL DOUGLAS DC-9-82,MCDONNELL DOUGLAS,2001-11-30,0.0,0.0,0.0,89.0
MCDONNELL DOUGLAS DC-9-82,MCDONNELL DOUGLAS,2002-06-16,0.0,0.0,0.0,123.0
MCDONNELL DOUGLAS DC-9-82,MCDONNELL DOUGLAS,2003-09-02,0.0,0.0,0.0,138.0
MCDONNELL DOUGLAS DC-9-82,MCDONNELL DOUGLAS,2004-07-15,0.0,0.0,0.0,29.0
MCDONNELL DOUGLAS DC-9-82,MCDONNELL DOUGLAS,2004-09-16,0.0,0.0,0.0,112.0
MCDONNELL DOUGLAS DC-9-82,MCDONNELL DOUGLAS,2004-11-21,0.0,0.0,0.0,106.0
MCDONNELL DOUGLAS DC-9-82,MCDONNELL DOUGLAS,2005-05-28,0.0,0.0,0.0,114.0
MCDONNELL DOUGLAS DC-9-82,MCDONNELL DOUGLAS,2006-03-21,0.0,0.0,0.0,138.0
BOEING 737-400,BOEING,1989-08-02,0.0,0.0,0.0,106.0
BOEING 737-400,BOEING,1989-09-20,2.0,2.0,18.0,40.0
BOEING 737-400,BOEING,1994-07-01,0.0,0.0,0.0,63.0
BOEING 737-400,BOEING,1994-09-19,0.0,0.0,0.0,131.0
BOEING 737-400,BOEING,1994-12-29,54.0,54.0,0.0,0.0
BOEING 737-400,BOEING,1995-04-13,0.0,0.0,0.0,147.0
BOEING 737-400,BOEING,1995-09-26,0.0,0.0,3.0,162.0
BOEING 737-400,BOEING,1996-12-22,0.0,0.0,1.0,39.0
BOEING 737-400,BOEING,1997-01-18,0.0,0.0,0.0,156.0
BOEING 737-400,BOEING,1998-07-02,0.0,0.0,0.0,5.0
BOEING 737-400,BOEING,1998-08-14,0.0,0.0,0.0,145.0
BOEING 737-400,BOEING,1999-04-07,6.0,6.0,0.0,0.0
BOEING 737-400,BOEING,1999-11-02,0.0,0.0,0.0,58.0
BOEING 737-400,BOEING,1999-11-11,0.0,0.0,0.0,145.0
BOEING 737-400,BOEING,2000-04-18,0.0,0.0,0.0,0.0
BOEING 737-400,BOEING,2001-03-03,1.0,1.0,3.0,0.0
BOEING 737-400,BOEING,2003-02-01,0.0,0.0,0.0,101.0
BOEING 737-400,BOEING,2003-10-06,0.0,0.0,0.0,0.0
BOEING 737-400,BOEING,2005-05-31,0.0,0.0,0.0,0.0
BOEING 737-400,BOEING,2005-11-09,0.0,0.0,0.0,2.0
BOEING 737-400,BOEING,2006-08-31,0.0,0.0,0.0,118.0
BOEING 737-400,BOEING,2006-12-28,0.0,0.0,0.0,2.0
BOEING 737-400,BOEING,2007-01-01,102.0,102.0,0.0,0.0
BOEING 737-400,BOEING,2007-02-17,0.0,0.0,0.0,0.0
BOEING 737-400,BOEING,2008-01-03,0.0,0.0,0.0,0.0
BOEING 737-400,BOEING,2008-03-10,0.0,0.0,0.0,0.0
BOEING 737-400,BOEING,2013-11-10,0.0,0.0,0.0,166.0
BOEING 737-400,BOEING,2014-05-08,0.0,0.0,0.0,125.0
BOEING 737-400,BOEING,2014-05-09,0.0,0.0,0.0,0.0
BOEING 737-400,BOEING,2014-11-07,0.0,0.0,0.0,0.0
BOEING 747-400,BOEING,1989-12-15,0.0,0.0,0.0,245.0
BOEING 747-400,BOEING,1991-06-16,0.0,0.0,5.0,272.0
BOEING 747-400,BOEING,1994-02-12,0.0,0.0,0.0,408.0
BOEING 747-400,BOEING,1997-04-12,0.0,0.0,0.0,4.0
BOEING 747-400,BOEING,1997-05-14,0.0,0.0,0.0,573.0
BOEING 747-400,BOEING,1998-07-31,0.0,0.0,0.0,0.0
BOEING 747-400,BOEING,1998-08-05,0.0,0.0,0.0,0.0
BOEING 747-400,BOEING,1998-11-11,0.0,0.0,1.0,249.0
BOEING 747-400,BOEING,1998-11-28,0.0,0.0,0.0,0.0
BOEING 747-400,BOEING,1998-11-30,0.0,0.0,1.0,4.0
BOEING 747-400,BOEING,1999-09-23,0.0,0.0,0.0,0.0
BOEING 747-400,BOEING,2000-10-31,83.0,83.0,32.0,25.0
BOEING 747-400,BOEING,2002-04-01,0.0,0.0,0.0,213.0
BOEING 747-400,BOEING,2002-10-09,0.0,0.0,0.0,404.0
BOEING 747-400,BOEING,2003-03-12,0.0,0.0,0.0,0.0
BOEING 747-400,BOEING,2004-08-31,0.0,0.0,1.0,558.0
BOEING 747-400,BOEING,2005-02-20,0.0,0.0,0.0,370.0
BOEING 747-400,BOEING,2005-12-19,0.0,0.0,0.0,273.0
BOEING 747-400,BOEING,2006-04-23,0.0,0.0,0.0,401.0
BOEING 747-400,BOEING,2006-10-31,0.0,0.0,0.0,312.0
BOEING 747-400,BOEING,2007-06-29,0.0,0.0,0.0,237.0
BOEING 747-400,BOEING,2008-01-07,0.0,0.0,0.0,334.0
BOEING 747-400,BOEING,2008-03-25,0.0,0.0,0.0,0.0
BOEING 747-400,BOEING,2008-07-25,0.0,0.0,0.0,365.0
BOEING 747-400,BOEING,2012-07-05,0.0,0.0,1.0,193.0
BOEING 747-400,BOEING,2012-08-17,0.0,0.0,0.0,362.0
BOEING 747-400,BOEING,2012-08-20,0.0,0.0,0.0,0.0
BOEING 747-400,BOEING,2013-04-22,0.0,0.0,0.0,146.0
BOEING 747-400,BOEING,2013-06-09,0.0,0.0,0.0,312.0
MCDONNELL DOUGLAS MD-82,MCDONNELL DOUGLAS,1991-09-28,0.0,0.0,0.0,126.0
MCDONNELL DOUGLAS MD-82,MCDONNELL DOUGLAS,1994-03-02,0.0,0.0,30.0,86.0
MCDONNELL DOUGLAS MD-82,MCDONNELL DOUGLAS,1994-08-19,0.0,0.0,6.0,113.0
MCDONNELL DOUGLAS MD-82,MCDONNELL DOUGLAS,1995-04-19,0.0,0.0,0.0,57.0
MCDONNELL DOUGLAS MD-82,MCDONNELL DOUGLAS,1996-06-03,0.0,0.0,9.0,59.0
MCDONNELL DOUGLAS MD-82,MCDONNELL DOUGLAS,1996-11-23,0.0,0.0,3.0,116.0
MCDONNELL DOUGLAS MD-82,MCDONNELL DOUGLAS,1997-02-17,0.0,0.0,0.0,147.0
MCDONNELL DOUGLAS MD-82,MCDONNELL DOUGLAS,1997-04-27,0.0,0.0,0.0,0.0
MCDONNELL DOUGLAS MD-82,MCDONNELL DOUGLAS,1997-04-28,0.0,0.0,0.0,123.0
MCDONNELL DOUGLAS MD-82,MCDONNELL DOUGLAS,1999-01-28,0.0,0.0,0.0,0.0
MCDONNELL DOUGLAS MD-82,MCDONNELL DOUGLAS,1999-02-05,0.0,0.0,0.0,138.0
MCDONNELL DOUGLAS MD-82,MCDONNELL DOUGLAS,1999-06-01,11.0,11.0,65.0,24.0
MCDONNELL DOUGLAS MD-82,MCDONNELL DOUGLAS,2000-04-01,0.0,0.0,0.0,145.0
MCDONNELL DOUGLAS MD-82,MCDONNELL DOUGLAS,2000-07-11,0.0,0.0,0.0,107.0
MCDONNELL DOUGLAS MD-82,MCDONNELL DOUGLAS,2001-06-25,0.0,0.0,0.0,0.0
MCDONNELL DOUGLAS MD-82,MCDONNELL DOUGLAS,2002-03-17,0.0,0.0,0.0,149.0
MCDONNELL DOUGLAS MD-82,MCDONNELL DOUGLAS,2002-06-04,0.0,0.0,0.0,111.0
MCDONNELL DOUGLAS MD-82,MCDONNELL DOUGLAS,2002-11-06,0.0,0.0,0.0,75.0
MCDONNELL DOUGLAS MD-82,MCDONNELL DOUGLAS,2002-11-09,0.0,0.0,6.0,72.0
MCDONNELL DOUGLAS MD-82,MCDONNELL DOUGLAS,2003-08-03,0.0,0.0,0.0,133.0
MCDONNELL DOUGLAS MD-82,MCDONNELL DOUGLAS,2004-08-24,0.0,0.0,0.0,100.0
MCDONNELL DOUGLAS MD-82,MCDONNELL DOUGLAS,2004-09-26,0.0,0.0,0.0,131.0
MCDONNELL DOUGLAS MD-82,MCDONNELL DOUGLAS,2004-11-30,25.0,25.0,84.0,0.0
MCDONNELL DOUGLAS MD-82,MCDONNELL DOUGLAS,2004-12-20,0.0,0.0,0.0,87.0
MCDONNELL DOUGLAS MD-82,MCDONNELL DOUGLAS,2005-02-02,0.0,0.0,0.0,153.0
MCDONNELL DOUGLAS MD-82,MCDONNELL DOUGLAS,2005-05-12,0.0,0.0,0.0,0.0
MCDONNELL DOUGLAS MD-82,MCDONNELL DOUGLAS,2010-01-03,0.0,0.0,0.0,0.0
MCDONNELL DOUGLAS MD-82,MCDONNELL DOUGLAS,2013-01-30,0.0,0.0,0.0,0.0
BOEING 727,BOEING,1982-09-02,0.0,0.0,1.0,128.0
BOEING 727,BOEING,1983-01-07,0.0,0.0,0.0,36.0
BOEING 727,BOEING,1984-05-17,0.0,0.0,12.0,125.0
BOEING 727,BOEING,1985-06-23,0.0,0.0,2.0,71.0
BOEING 727,BOEING,1986-03-16,0.0,0.0,0.0,140.0
BOEING 727,BOEING,1986-11-10,0.0,0.0,0.0,201.0
BOEING 727,BOEING,1987-03-10,0.0,0.0,0.0,104.0
BOEING 727,BOEING,1987-08-09,0.0,0.0,0.0,528.0
BOEING 727,BOEING,1987-09-15,0.0,0.0,0.0,62.0
BOEING 727,BOEING,1988-05-23,0.0,0.0,0.0,286.0
BOEING 727,BOEING,1988-07-11,0.0,0.0,0.0,93.0
BOEING 727,BOEING,1988-11-06,0.0,0.0,0.0,53.0
BOEING 727,BOEING,1989-12-15,0.0,0.0,0.0,59.0
BOEING 727,BOEING,1990-01-18,1.0,1.0,0.0,157.0
BOEING 727,BOEING,1990-01-31,1.0,1.0,0.0,6.0
BOEING 727,BOEING,1998-10-20,0.0,0.0,0.0,0.0
BOEING 727,BOEING,1999-05-28,0.0,0.0,0.0,90.0
BOEING 727,BOEING,2000-04-02,0.0,0.0,0.0,0.0
BOEING 727,BOEING,2009-12-17,0.0,0.0,0.0,3.0
BOEING 727,BOEING,2010-02-21,0.0,0.0,0.0,239.0
BOEING 727,BOEING,2011-01-09,0.0,0.0,0.0,0.0
BOEING 727,BOEING,2011-07-08,77.0,77.0,0.0,35.0
BOEING 727,BOEING,2011-07-16,0.0,0.0,0.0,3.0
BOEING 727,BOEING,2013-03-05,0.0,0.0,0.0,3.0
BOEING 727,BOEING,2016-09-16,0.0,0.0,0.0,0.0
BOEING 727,BOEING,2016-12-20,3.0,3.0,3.0,0.0
BOEING 727,BOEING,2020-10-20,0.0,0.0,0.0,3.0
MCDONNELL DOUGLAS DC-10-30,MCDONNELL DOUGLAS,1982-01-23,2.0,2.0,24.0,182.0
MCDONNELL DOUGLAS DC-10-30,MCDONNELL DOUGLAS,1983-09-01,0.0,0.0,0.0,201.0
MCDONNELL DOUGLAS DC-10-30,MCDONNELL DOUGLAS,1984-01-01,0.0,0.0,1.0,495.0
MCDONNELL DOUGLAS DC-10-30,MCDONNELL DOUGLAS,1984-02-28,0.0,0.0,11.0,165.0
MCDONNELL DOUGLAS DC-10-30,MCDONNELL DOUGLAS,1984-10-27,0.0,0.0,0.0,276.0
MCDONNELL DOUGLAS DC-10-30,MCDONNELL DOUGLAS,1987-06-26,0.0,0.0,1.0,220.0
MCDONNELL DOUGLAS DC-10-30,MCDONNELL DOUGLAS,1988-05-21,0.0,0.0,6.0,246.0
MCDONNELL DOUGLAS DC-10-30,MCDONNELL DOUGLAS,1990-07-27,0.0,0.0,3.0,3.0
MCDONNELL DOUGLAS DC-10-30,MCDONNELL DOUGLAS,1991-12-23,0.0,0.0,0.0,315.0
MCDONNELL DOUGLAS DC-10-30,MCDONNELL DOUGLAS,1994-04-07,0.0,0.0,1.0,0.0
MCDONNELL DOUGLAS DC-10-30,MCDONNELL DOUGLAS,1997-05-11,0.0,0.0,0.0,262.0
MCDONNELL DOUGLAS DC-10-30,MCDONNELL DOUGLAS,1997-07-25,0.0,0.0,3.0,320.0
MCDONNELL DOUGLAS DC-10-30,MCDONNELL DOUGLAS,1998-03-08,0.0,0.0,0.0,253.0
MCDONNELL DOUGLAS DC-10-30,MCDONNELL DOUGLAS,1998-09-20,0.0,0.0,0.0,3.0
MCDONNELL DOUGLAS DC-10-30,MCDONNELL DOUGLAS,1998-10-13,0.0,0.0,0.0,0.0
MCDONNELL DOUGLAS DC-10-30,MCDONNELL DOUGLAS,1999-12-21,18.0,18.0,47.0,261.0
MCDONNELL DOUGLAS DC-10-30,MCDONNELL DOUGLAS,2000-04-25,0.0,0.0,0.0,234.0
MCDONNELL DOUGLAS DC-10-30,MCDONNELL DOUGLAS,2000-09-05,0.0,0.0,0.0,244.0
MCDONNELL DOUGLAS DC-10-30,MCDONNELL DOUGLAS,2000-09-07,0.0,0.0,0.0,243.0
MCDONNELL DOUGLAS DC-10-30,MCDONNELL DOUGLAS,2000-10-10,0.0,0.0,5.0,197.0
MCDONNELL DOUGLAS DC-10-30,MCDONNELL DOUGLAS,2002-03-22,0.0,0.0,4.0,257.0
MCDONNELL DOUGLAS DC-10-30,MCDONNELL DOUGLAS,2004-04-10,0.0,0.0,0.0,252.0
MCDONNELL DOUGLAS DC-10-30,MCDONNELL DOUGLAS,2005-07-01,0.0,0.0,0.0,216.0
MCDONNELL DOUGLAS DC-10-30,MCDONNELL DOUGLAS,2007-05-02,0.0,0.0,0.0,306.0
BOEING 757-232,BOEING,1989-09-13,0.0,0.0,0.0,106.0
BOEING 757-232,BOEING,1991-07-04,0.0,0.0,0.0,124.0
BOEING 757-232,BOEING,1992-11-13,0.0,0.0,0.0,187.0
BOEING 757-232,BOEING,1993-02-23,0.0,0.0,0.0,191.0
BOEING 757-232,BOEING,1993-04-26,0.0,0.0,0.0,61.0
BOEING 757-232,BOEING,1993-09-15,0.0,0.0,0.0,187.0
BOEING 757-232,BOEING,1993-10-04,0.0,0.0,0.0,95.0
BOEING 757-232,BOEING,1996-02-20,0.0,0.0,0.0,91.0
BOEING 757-232,BOEING,1997-01-31,0.0,0.0,0.0,168.0
BOEING 757-232,BOEING,1998-01-06,0.0,0.0,0.0,188.0
BOEING 757-232,BOEING,1999-06-02,0.0,0.0,0.0,127.0
BOEING 757-232,BOEING,2000-02-12,0.0,0.0,0.0,161.0
BOEING 757-232,BOEING,2001-07-11,0.0,0.0,1.0,98.0
BOEING 757-232,BOEING,2002-06-02,0.0,0.0,1.0,113.0
BOEING 757-232,BOEING,2003-04-17,0.0,0.0,0.0,123.0
BOEING 757-232,BOEING,2003-06-23,0.0,0.0,27.0,144.0
BOEING 757-232,BOEING,2005-03-06,0.0,0.0,3.0,188.0
BOEING 757-232,BOEING,2006-02-25,0.0,0.0,0.0,146.0
BOEING 757-232,BOEING,2007-07-11,0.0,0.0,0.0,307.0
BOEING 757-232,BOEING,2011-02-28,0.0,0.0,1.0,188.0
BOEING 757-232,BOEING,2011-03-11,0.0,0.0,0.0,130.0
BOEING 757-232,BOEING,2011-06-21,0.0,0.0,0.0,175.0
BOEING 757-232,BOEING,2013-03-08,0.0,0.0,0.0,148.0
BOEING 757-232,BOEING,2022-11-02,0.0,0.0,0.0,201.0
MCDONNELL DOUGLAS MD-88,MCDONNELL DOUGLAS,1988-08-01,0.0,0.0,0.0,93.0
MCDONNELL DOUGLAS MD-88,MCDONNELL DOUGLAS,1991-05-05,0.0,0.0,4.0,97.0
MCDONNELL DOUGLAS MD-88,MCDONNELL DOUGLAS,1991-11-20,0.0,0.0,0.0,29.0
MCDONNELL DOUGLAS MD-88,MCDONNELL DOUGLAS,1992-08-14,0.0,0.0,0.0,133.0
MCDONNELL DOUGLAS MD-88,MCDONNELL DOUGLAS,1993-07-27,0.0,0.0,0.0,105.0
MCDONNELL DOUGLAS MD-88,MCDONNELL DOUGLAS,1995-01-06,0.0,0.0,0.0,69.0
MCDONNELL DOUGLAS MD-88,MCDONNELL DOUGLAS,1996-02-04,0.0,0.0,1.0,119.0
MCDONNELL DOUGLAS MD-88,MCDONNELL DOUGLAS,1996-07-06,2.0,2.0,3.0,137.0
MCDONNELL DOUGLAS MD-88,MCDONNELL DOUGLAS,1996-10-19,0.0,0.0,3.0,60.0
MCDONNELL DOUGLAS MD-88,MCDONNELL DOUGLAS,1996-11-11,0.0,0.0,0.0,118.0
MCDONNELL DOUGLAS MD-88,MCDONNELL DOUGLAS,1997-05-13,0.0,0.0,2.0,111.0
MCDONNELL DOUGLAS MD-88,MCDONNELL DOUGLAS,1998-10-11,0.0,0.0,0.0,121.0
MCDONNELL DOUGLAS MD-88,MCDONNELL DOUGLAS,1998-11-03,0.0,0.0,0.0,112.0
MCDONNELL DOUGLAS MD-88,MCDONNELL DOUGLAS,1998-12-26,0.0,0.0,0.0,49.0
MCDONNELL DOUGLAS MD-88,MCDONNELL DOUGLAS,1999-09-17,0.0,0.0,0.0,118.0
MCDONNELL DOUGLAS MD-88,MCDONNELL DOUGLAS,2000-03-24,0.0,0.0,0.0,202.0
MCDONNELL DOUGLAS MD-88,MCDONNELL DOUGLAS,2001-03-15,0.0,0.0,0.0,101.0
MCDONNELL DOUGLAS MD-88,MCDONNELL DOUGLAS,2002-07-02,0.0,0.0,0.0,63.0
MCDONNELL DOUGLAS MD-88,MCDONNELL DOUGLAS,2003-04-22,0.0,0.0,1.0,60.0
MCDONNELL DOUGLAS MD-88,MCDONNELL DOUGLAS,2005-05-13,0.0,0.0,0.0,98.0
MCDONNELL DOUGLAS MD-88,MCDONNELL DOUGLAS,2008-02-18,0.0,0.0,0.0,148.0
BOEING 757-222,BOEING,1990-01-16,0.0,0.0,0.0,176.0
BOEING 757-222,BOEING,1992-03-21,0.0,0.0,0.0,153.0
BOEING 757-222,BOEING,1992-05-04,1.0,1.0,0.0,61.0
BOEING 757-222,BOEING,1993-02-13,0.0,0.0,0.0,47.0
BOEING 757-222,BOEING,1993-06-08,0.0,0.0,0.0,197.0
BOEING 757-222,BOEING,1993-06-24,0.0,0.0,0.0,147.0
BOEING 757-222,BOEING,1993-08-02,0.0,0.0,0.0,164.0
BOEING 757-222,BOEING,1996-02-20,0.0,0.0,0.0,91.0
BOEING 757-222,BOEING,1997-10-16,0.0,0.0,0.0,196.0
BOEING 757-222,BOEING,1999-02-07,0.0,0.0,0.0,28.0
BOEING 757-222,BOEING,1999-10-28,0.0,0.0,0.0,68.0
BOEING 757-222,BOEING,2001-09-23,0.0,0.0,0.0,40.0
BOEING 757-222,BOEING,2003-01-11,0.0,0.0,0.0,140.0
BOEING 757-222,BOEING,2003-04-21,0.0,0.0,1.0,184.0
BOEING 757-222,BOEING,2006-03-15,0.0,0.0,0.0,97.0
BOEING 757-222,BOEING,2006-05-17,0.0,0.0,0.0,189.0
BOEING 757-222,BOEING,2009-06-10,0.0,0.0,0.0,192.0
BOEING 757-222,BOEING,2011-05-31,0.0,0.0,0.0,190.0
BOEING 757-222,BOEING,2011-06-12,0.0,0.0,0.0,190.0
BOEING 757-222,BOEING,2011-09-26,0.0,0.0,0.0,185.0
BOEING 757-222,BOEING,2011-12-01,0.0,0.0,1.0,151.0
BOEING 757-200,BOEING,1993-04-07,0.0,0.0,0.0,40.0
BOEING 757-200,BOEING,1994-08-19,0.0,0.0,0.0,167.0
BOEING 757-200,BOEING,1996-02-06,189.0,189.0,0.0,0.0
BOEING 757-200,BOEING,1996-04-07,0.0,0.0,0.0,193.0
BOEING 757-200,BOEING,1997-08-02,1.0,1.0,0.0,149.0
BOEING 757-200,BOEING,1998-01-01,0.0,0.0,0.0,213.0
BOEING 757-200,BOEING,1998-02-17,0.0,0.0,0.0,2.0
BOEING 757-200,BOEING,2000-11-15,0.0,0.0,0.0,97.0
BOEING 757-200,BOEING,2001-09-11,64.0,64.0,0.0,0.0
BOEING 757-200,BOEING,2002-03-02,0.0,0.0,0.0,90.0
BOEING 757-200,BOEING,2002-04-18,0.0,0.0,12.0,111.0
BOEING 757-200,BOEING,2002-05-22,0.0,0.0,0.0,163.0
BOEING 757-200,BOEING,2002-05-29,0.0,0.0,0.0,91.0
BOEING 757-200,BOEING,2002-10-20,0.0,0.0,0.0,196.0
BOEING 757-200,BOEING,2003-06-10,0.0,0.0,1.0,173.0
BOEING 757-200,BOEING,2004-03-01,0.0,0.0,0.0,175.0
BOEING 757-200,BOEING,2004-08-27,0.0,0.0,0.0,130.0
BOEING 757-200,BOEING,2007-04-12,0.0,0.0,5.0,106.0
BOEING 757-200,BOEING,2008-03-22,0.0,0.0,0.0,180.0
BOEING 757-200,BOEING,2012-08-08,0.0,0.0,0.0,229.0
BOEING 757-200,BOEING,2013-10-20,0.0,0.0,0.0,131.0
BOEING 717-200,BOEING,2001-08-09,0.0,0.0,0.0,76.0
BOEING 717-200,BOEING,2002-10-04,0.0,0.0,0.0,0.0
BOEING 717-200,BOEING,2003-01-11,0.0,0.0,0.0,87.0
BOEING 717-200,BOEING,2003-03-26,0.0,0.0,22.0,60.0
BOEING 717-200,BOEING,2003-08-01,0.0,0.0,0.0,118.0
BOEING 717-200,BOEING,2004-03-05,0.0,0.0,0.0,118.0
BOEING 717-200,BOEING,2004-07-26,0.0,0.0,0.0,0.0
BOEING 717-200,BOEING,2004-08-10,0.0,0.0,0.0,0.0
BOEING 717-200,BOEING,2005-03-18,0.0,0.0,0.0,0.0
BOEING 717-200,BOEING,2005-05-12,0.0,0.0,0.0,80.0
BOEING 717-200,BOEING,2005-05-16,0.0,0.0,0.0,0.0
BOEING 717-200,BOEING,2005-12-20,0.0,0.0,0.0,91.0
BOEING 717-200,BOEING,2006-02-28,0.0,0.0,0.0,72.0
BOEING 717-200,BOEING,2006-11-07,0.0,0.0,0.0,59.0
BOEING 717-200,BOEING,2006-11-07,0.0,0.0,0.0,59.0
BOEING 717-200,BOEING,2006-11-10,0.0,0.0,0.0,122.0
BOEING 717-200,BOEING,2009-08-27,0.0,0.0,1.0,85.0
BOEING 717-200,BOEING,2009-10-26,0.0,0.0,1.0,120.0
BOEING 717-200,BOEING,2012-10-05,0.0,0.0,0.0,108.0
BOEING 717-200,BOEING,2022-08-29,0.0,0.0,1.0,101.0
BOEING 737-7H4,BOEING,1998-07-07,0.0,0.0,0.0,96.0
BOEING 737-7H4,BOEING,2004-06-04,0.0,0.0,0.0,135.0
BOEING 737-7H4,BOEING,2004-08-19,0.0,0.0,0.0,142.0
BOEING 737-7H4,BOEING,2005-07-08,0.0,0.0,0.0,110.0
BOEING 737-7H4,BOEING,2005-10-12,0.0,0.0,0.0,137.0
BOEING 737-7H4,BOEING,2006-12-26,0.0,0.0,0.0,208.0
BOEING 737-7H4,BOEING,2010-02-13,0.0,0.0,1.0,83.0
BOEING 737-7H4,BOEING,2010-04-28,0.0,0.0,0.0,140.0
BOEING 737-7H4,BOEING,2010-09-04,0.0,0.0,0.0,133.0
BOEING 737-7H4,BOEING,2010-12-18,0.0,0.0,0.0,222.0
BOEING 737-7H4,BOEING,2011-03-27,0.0,0.0,0.0,145.0
BOEING 737-7H4,BOEING,2011-12-01,0.0,0.0,0.0,85.0
BOEING 737-7H4,BOEING,2011-12-02,0.0,0.0,1.0,97.0
BOEING 737-7H4,BOEING,2011-12-22,0.0,0.0,0.0,133.0
BOEING 737-7H4,BOEING,2012-02-23,0.0,0.0,1.0,138.0
BOEING 737-7H4,BOEING,2012-03-20,0.0,0.0,1.0,141.0
BOEING 737-7H4,BOEING,2013-05-10,0.0,0.0,0.0,59.0
BOEING 737-7H4,BOEING,2020-07-05,0.0,0.0,1.0,3.0
BOEING 737-7H4,BOEING,2022-09-11,0.0,0.0,0.0,0.0
MCDONNELL DOUGLAS DC-9-31,MCDONNELL DOUGLAS,1984-02-16,0.0,0.0,0.0,72.0
MCDONNELL DOUGLAS DC-9-31,MCDONNELL DOUGLAS,1984-06-13,0.0,0.0,10.0,46.0
MCDONNELL DOUGLAS DC-9-31,MCDONNELL DOUGLAS,1985-01-31,0.0,0.0,0.0,26.0
MCDONNELL DOUGLAS DC-9-31,MCDONNELL DOUGLAS,1986-02-21,0.0,0.0,1.0,22.0
MCDONNELL DOUGLAS DC-9-31,MCDONNELL DOUGLAS,1986-03-13,0.0,0.0,0.0,79.0
MCDONNELL DOUGLAS DC-9-31,MCDONNELL DOUGLAS,1986-05-17,0.0,0.0,0.0,224.0
MCDONNELL DOUGLAS DC-9-31,MCDONNELL DOUGLAS,1987-08-20,0.0,0.0,0.0,6.0
MCDONNELL DOUGLAS DC-9-31,MCDONNELL DOUGLAS,1987-12-27,0.0,0.0,4.0,103.0
MCDONNELL DOUGLAS DC-9-31,MCDONNELL DOUGLAS,1988-10-30,0.0,0.0,0.0,42.0
MCDONNELL DOUGLAS DC-9-31,MCDONNELL DOUGLAS,1989-10-07,1.0,1.0,0.0,107.0
MCDONNELL DOUGLAS DC-9-31,MCDONNELL DOUGLAS,1989-12-13,0.0,0.0,0.0,36.0
MCDONNELL DOUGLAS DC-9-31,MCDONNELL DOUGLAS,1990-10-03,1.0,1.0,23.0,71.0
MCDONNELL DOUGLAS DC-9-31,MCDONNELL DOUGLAS,1990-10-29,0.0,0.0,0.0,49.0
MCDONNELL DOUGLAS DC-9-31,MCDONNELL DOUGLAS,1993-03-11,0.0,0.0,0.0,2.0
MCDONNELL DOUGLAS DC-9-31,MCDONNELL DOUGLAS,1995-10-13,0.0,0.0,0.0,2.0
MCDONNELL DOUGLAS DC-9-31,MCDONNELL DOUGLAS,2000-12-13,0.0,0.0,0.0,249.0
MCDONNELL DOUGLAS DC-9-31,MCDONNELL DOUGLAS,2005-12-10,107.0,107.0,0.0,0.0
BOEING 737 7H4,BOEING,2011-09-06,0.0,0.0,1.0,141.0
BOEING 737 7H4,BOEING,2013-07-22,0.0,0.0,0.0,141.0
BOEING 737 7H4,BOEING,2014-01-09,0.0,0.0,1.0,144.0
BOEING 737 7H4,BOEING,2014-01-13,0.0,0.0,0.0,131.0
BOEING 737 7H4,BOEING,2014-06-17,0.0,0.0,1.0,143.0
BOEING 737 7H4,BOEING,2014-08-14,0.0,0.0,0.0,5.0
BOEING 737 7H4,BOEING,2014-11-21,0.0,0.0,0.0,179.0
BOEING 737 7H4,BOEING,2014-12-11,0.0,0.0,1.0,80.0
BOEING 737 7H4,BOEING,2015-08-23,0.0,0.0,0.0,147.0
BOEING 737 7H4,BOEING,2015-11-29,0.0,0.0,1.0,147.0
BOEING 737 7H4,BOEING,2015-12-23,0.0,0.0,1.0,141.0
BOEING 737 7H4,BOEING,2016-01-28,0.0,0.0,1.0,143.0
BOEING 737 7H4,BOEING,2017-06-03,0.0,0.0,0.0,67.0
BOEING 737 7H4,BOEING,2017-10-02,0.0,0.0,0.0,84.0
BOEING 737 7H4,BOEING,2017-11-19,0.0,0.0,0.0,5.0
BOEING 737 7H4,BOEING,2018-04-17,1.0,1.0,8.0,6.0
